joint,RMSE_rad,MAE_rad,MaxError_rad,SaturationRate_percent
FR_hip_joint,0.014458908998472741,0.013245503870565976,0.021695012294465292,0.0
FR_thigh_joint,0.0549930684956358,0.04606264727200472,0.07995389457619728,0.0
FR_calf_joint,0.08471784117925554,0.07384223469467642,0.11968228419885074,0.0
FL_hip_joint,0.014192018039797744,0.012934855607028086,0.021995725826801017,0.0
FL_thigh_joint,0.051351889801369406,0.04188488754669144,0.07926828619469106,0.0
FL_calf_joint,0.0837517228066987,0.07300195290754037,0.11950323929459694,0.0
RR_hip_joint,0.01419201803979774,0.01293485560702808,0.021995725826801017,0.0
RR_thigh_joint,0.051351889801369455,0.04188488754669154,0.07926828619469095,0.0
RR_calf_joint,0.08375172280669865,0.07300195290754033,0.11950323929459716,0.0
RL_hip_joint,0.014458908998472905,0.013245503870566274,0.02169501229446528,0.0
RL_thigh_joint,0.0549930684956363,0.046062647272005236,0.07995389457619717,0.0
RL_calf_joint,0.08471784117925533,0.07384223469467625,0.11968228419885052,0.0
