time,FR_x,FR_y,FR_z,FR_phase,FL_x,FL_y,FL_z,FL_phase,RR_x,RR_y,RR_z,RR_phase,RL_x,RL_y,RL_z,RL_phase
0.0,0.2334,-0.142,-0.26480585,0.0,0.16673333333333332,0.142,-0.26480585,0.5,-0.22006666666666666,-0.142,-0.26480585,0.5,-0.15339999999999998,0.142,-0.26480585,0.0
0.01,0.23273333333333332,-0.142,-0.26480585,0.005,0.16606666666666664,0.142,-0.26480585,0.505,-0.22073333333333334,-0.142,-0.26480585,0.505,-0.15406666666666666,0.142,-0.26480585,0.005
0.02,0.23206666666666664,-0.142,-0.26480585,0.01,0.1654,0.142,-0.26480585,0.51,-0.22139999999999999,-0.142,-0.26480585,0.51,-0.15473333333333333,0.142,-0.26480585,0.01
0.03,0.2314,-0.142,-0.26480585,0.015,0.16473333333333331,0.142,-0.26480585,0.515,-0.22206666666666666,-0.142,-0.26480585,0.515,-0.15539999999999998,0.142,-0.26480585,0.015
0.04,0.23073333333333332,-0.142,-0.26480585,0.02,0.16406666666666664,0.142,-0.26480585,0.52,-0.22273333333333334,-0.142,-0.26480585,0.52,-0.15606666666666666,0.142,-0.26480585,0.02
0.05,0.23006666666666664,-0.142,-0.26480585,0.025,0.1634,0.142,-0.26480585,0.525,-0.2234,-0.142,-0.26480585,0.525,-0.15673333333333334,0.142,-0.26480585,0.025
0.06,0.2294,-0.142,-0.26480585,0.03,0.1627333333333333,0.142,-0.26480585,0.53,-0.22406666666666666,-0.142,-0.26480585,0.53,-0.15739999999999998,0.142,-0.26480585,0.03
0.07,0.22873333333333332,-0.142,-0.26480585,0.035,0.16206666666666664,0.142,-0.26480585,0.535,-0.22473333333333334,-0.142,-0.26480585,0.535,-0.15806666666666666,0.142,-0.26480585,0.035
0.08,0.22806666666666664,-0.142,-0.26480585,0.04,0.1614,0.142,-0.26480585,0.54,-0.2254,-0.142,-0.26480585,0.54,-0.15873333333333334,0.142,-0.26480585,0.04
0.09,0.2274,-0.142,-0.26480585,0.045,0.1607333333333333,0.142,-0.26480585,0.545,-0.22606666666666667,-0.142,-0.26480585,0.545,-0.1594,0.142,-0.26480585,0.045
0.1,0.22673333333333331,-0.142,-0.26480585,0.05,0.16006666666666663,0.142,-0.26480585,0.55,-0.22673333333333334,-0.142,-0.26480585,0.55,-0.16006666666666666,0.142,-0.26480585,0.05
0.11,0.22606666666666664,-0.142,-0.26480585,0.055,0.1594,0.142,-0.26480585,0.555,-0.2274,-0.142,-0.26480585,0.555,-0.16073333333333334,0.142,-0.26480585,0.055
0.12,0.2254,-0.142,-0.26480585,0.06,0.1587333333333333,0.142,-0.26480585,0.56,-0.22806666666666667,-0.142,-0.26480585,0.56,-0.1614,0.142,-0.26480585,0.06
0.13,0.2247333333333333,-0.142,-0.26480585,0.065,0.15806666666666666,0.142,-0.26480585,0.565,-0.22873333333333332,-0.142,-0.26480585,0.565,-0.16206666666666666,0.142,-0.26480585,0.065
0.14,0.22406666666666666,-0.142,-0.26480585,0.07,0.15739999999999998,0.142,-0.26480585,0.5700000000000001,-0.2294,-0.142,-0.26480585,0.5700000000000001,-0.1627333333333333,0.142,-0.26480585,0.07
0.15,0.2234,-0.142,-0.26480585,0.075,0.15673333333333334,0.142,-0.26480585,0.575,-0.23006666666666664,-0.142,-0.26480585,0.575,-0.1634,0.142,-0.26480585,0.075
0.16,0.22273333333333334,-0.142,-0.26480585,0.08,0.15606666666666666,0.142,-0.26480585,0.58,-0.23073333333333332,-0.142,-0.26480585,0.58,-0.16406666666666664,0.142,-0.26480585,0.08
0.17,0.22206666666666666,-0.142,-0.26480585,0.085,0.15539999999999998,0.142,-0.26480585,0.585,-0.2314,-0.142,-0.26480585,0.585,-0.16473333333333331,0.142,-0.26480585,0.085
0.18,0.22139999999999999,-0.142,-0.26480585,0.09,0.15473333333333333,0.142,-0.26480585,0.59,-0.23206666666666664,-0.142,-0.26480585,0.59,-0.1654,0.142,-0.26480585,0.09
0.19,0.22073333333333334,-0.142,-0.26480585,0.095,0.15406666666666666,0.142,-0.26480585,0.595,-0.23273333333333332,-0.142,-0.26480585,0.595,-0.16606666666666664,0.142,-0.26480585,0.095
0.2,0.22006666666666666,-0.142,-0.26480585,0.1,0.15339999999999998,0.142,-0.26480585,0.6,-0.2334,-0.142,-0.26480585,0.6,-0.16673333333333332,0.142,-0.26480585,0.1
0.21,0.21939999999999998,-0.142,-0.26480585,0.105,0.15439999999999998,0.142,-0.2647287833433282,0.605,-0.2324,-0.142,-0.2647287833433282,0.605,-0.1674,0.142,-0.26480585,0.105
0.22,0.21873333333333334,-0.142,-0.26480585,0.11,0.15539999999999998,0.142,-0.26449805851487845,0.61,-0.2314,-0.142,-0.26449805851487845,0.61,-0.16806666666666664,0.142,-0.26480585,0.11
0.23,0.21806666666666666,-0.142,-0.26480585,0.115,0.15639999999999998,0.142,-0.26411509800994193,0.615,-0.2304,-0.142,-0.26411509800994193,0.615,-0.16873333333333332,0.142,-0.26480585,0.115
0.24,0.21739999999999998,-0.142,-0.26480585,0.12,0.15739999999999998,0.142,-0.26358226290737885,0.62,-0.2294,-0.142,-0.26358226290737885,0.62,-0.1694,0.142,-0.26480585,0.12
0.25,0.21673333333333333,-0.142,-0.26480585,0.125,0.15839999999999999,0.142,-0.26290283831278216,0.625,-0.2284,-0.142,-0.26290283831278216,0.625,-0.17006666666666664,0.142,-0.26480585,0.125
0.26,0.21606666666666666,-0.142,-0.26480585,0.13,0.1594,0.142,-0.2620810131047092,0.63,-0.2274,-0.142,-0.2620810131047092,0.63,-0.17073333333333332,0.142,-0.26480585,0.13
0.27,0.21539999999999998,-0.142,-0.26480585,0.135,0.1604,0.142,-0.2611218541088523,0.635,-0.2264,-0.142,-0.2611218541088523,0.635,-0.1714,0.142,-0.26480585,0.135
0.28,0.21473333333333333,-0.142,-0.26480585,0.14,0.1614,0.142,-0.26003127485937366,0.64,-0.2254,-0.142,-0.26003127485937366,0.64,-0.17206666666666665,0.142,-0.26480585,0.14
0.29,0.21406666666666666,-0.142,-0.26480585,0.145,0.1624,0.142,-0.25881599914000075,0.645,-0.2244,-0.142,-0.25881599914000075,0.645,-0.17273333333333332,0.142,-0.26480585,0.145
0.3,0.21339999999999998,-0.142,-0.26480585,0.15,0.1634,0.142,-0.2574835195296637,0.65,-0.2234,-0.142,-0.2574835195296637,0.65,-0.1734,0.142,-0.26480585,0.15
0.31,0.21273333333333333,-0.142,-0.26480585,0.155,0.1644,0.142,-0.2560420512082546,0.655,-0.2224,-0.142,-0.2560420512082546,0.655,-0.17406666666666665,0.142,-0.26480585,0.155
0.32,0.21206666666666665,-0.142,-0.26480585,0.16,0.1654,0.142,-0.25450048130731184,0.66,-0.22139999999999999,-0.142,-0.25450048130731184,0.66,-0.17473333333333332,0.142,-0.26480585,0.16
0.33,0.21139999999999998,-0.142,-0.26480585,0.165,0.1664,0.142,-0.25286831411789873,0.665,-0.22039999999999998,-0.142,-0.25286831411789873,0.665,-0.1754,0.142,-0.26480585,0.165
0.34,0.21073333333333333,-0.142,-0.26480585,0.17,0.1674,0.142,-0.25115561249348867,0.67,-0.21939999999999998,-0.142,-0.25115561249348867,0.67,-0.17606666666666665,0.142,-0.26480585,0.17
0.35000000000000003,0.21006666666666665,-0.142,-0.26480585,0.17500000000000002,0.1684,0.142,-0.24937293580912723,0.675,-0.21839999999999998,-0.142,-0.24937293580912723,0.675,-0.17673333333333333,0.142,-0.26480585,0.17500000000000002
0.36,0.20939999999999998,-0.142,-0.26480585,0.18,0.1694,0.142,-0.2475312748593737,0.6799999999999999,-0.21739999999999998,-0.142,-0.2475312748593737,0.6799999999999999,-0.1774,0.142,-0.26480585,0.18
0.37,0.20873333333333333,-0.142,-0.26480585,0.185,0.1704,0.142,-0.24564198409639762,0.685,-0.21639999999999998,-0.142,-0.24564198409639762,0.685,-0.17806666666666665,0.142,-0.26480585,0.185
0.38,0.20806666666666665,-0.142,-0.26480585,0.19,0.1714,0.142,-0.24371671162600578,0.69,-0.21539999999999998,-0.142,-0.24371671162600578,0.69,-0.17873333333333333,0.142,-0.26480585,0.19
0.39,0.20739999999999997,-0.142,-0.26480585,0.195,0.1724,0.142,-0.2417673273931961,0.6950000000000001,-0.21439999999999998,-0.142,-0.2417673273931961,0.6950000000000001,-0.1794,0.142,-0.26480585,0.195
0.4,0.20673333333333332,-0.142,-0.26480585,0.2,0.1734,0.142,-0.23980585000000001,0.7,-0.21339999999999998,-0.142,-0.23980585000000001,0.7,-0.18006666666666665,0.142,-0.26480585,0.2
0.41000000000000003,0.20606666666666665,-0.142,-0.26480585,0.20500000000000002,0.1744,0.142,-0.23784437260680386,0.7050000000000001,-0.21239999999999998,-0.142,-0.23784437260680386,0.7050000000000001,-0.18073333333333333,0.142,-0.26480585,0.20500000000000002
0.42,0.2054,-0.142,-0.26480585,0.21,0.1754,0.142,-0.23589498837399425,0.71,-0.21139999999999998,-0.142,-0.23589498837399425,0.71,-0.18139999999999998,0.142,-0.26480585,0.21
0.43,0.20473333333333332,-0.142,-0.26480585,0.215,0.1764,0.142,-0.23396971590360238,0.715,-0.21039999999999998,-0.142,-0.23396971590360238,0.715,-0.18206666666666665,0.142,-0.26480585,0.215
0.44,0.20406666666666665,-0.142,-0.26480585,0.22,0.1774,0.142,-0.23208042514062632,0.72,-0.20939999999999998,-0.142,-0.23208042514062632,0.72,-0.18273333333333333,0.142,-0.26480585,0.22
0.45,0.2034,-0.142,-0.26480585,0.225,0.1784,0.142,-0.23023876419087277,0.725,-0.20839999999999997,-0.142,-0.23023876419087277,0.725,-0.18339999999999998,0.142,-0.26480585,0.225
0.46,0.20273333333333332,-0.142,-0.26480585,0.23,0.1794,0.142,-0.22845608750651134,0.73,-0.20739999999999997,-0.142,-0.22845608750651134,0.73,-0.18406666666666666,0.142,-0.26480585,0.23
0.47000000000000003,0.20206666666666664,-0.142,-0.26480585,0.23500000000000001,0.1804,0.142,-0.2267433858821013,0.735,-0.20639999999999997,-0.142,-0.2267433858821013,0.735,-0.18473333333333333,0.142,-0.26480585,0.23500000000000001
0.48,0.2014,-0.142,-0.26480585,0.24,0.1814,0.142,-0.2251112186926882,0.74,-0.20539999999999997,-0.142,-0.2251112186926882,0.74,-0.18539999999999998,0.142,-0.26480585,0.24
0.49,0.20073333333333332,-0.142,-0.26480585,0.245,0.1824,0.142,-0.2235696487917454,0.745,-0.20439999999999997,-0.142,-0.2235696487917454,0.745,-0.18606666666666666,0.142,-0.26480585,0.245
0.5,0.20006666666666667,-0.142,-0.26480585,0.25,0.1834,0.142,-0.2221281804703363,0.75,-0.20339999999999997,-0.142,-0.2221281804703363,0.75,-0.1867333333333333,0.142,-0.26480585,0.25
0.51,0.1994,-0.142,-0.26480585,0.255,0.1844,0.142,-0.22079570085999922,0.755,-0.20239999999999997,-0.142,-0.22079570085999922,0.755,-0.18739999999999998,0.142,-0.26480585,0.255
0.52,0.19873333333333332,-0.142,-0.26480585,0.26,0.1854,0.142,-0.2195804251406263,0.76,-0.20139999999999997,-0.142,-0.2195804251406263,0.76,-0.18806666666666666,0.142,-0.26480585,0.26
0.53,0.19806666666666667,-0.142,-0.26480585,0.265,0.1864,0.142,-0.2184898458911477,0.765,-0.20039999999999997,-0.142,-0.2184898458911477,0.765,-0.1887333333333333,0.142,-0.26480585,0.265
0.54,0.1974,-0.142,-0.26480585,0.27,0.1874,0.142,-0.21753068689529081,0.77,-0.19939999999999997,-0.142,-0.21753068689529081,0.77,-0.18939999999999999,0.142,-0.26480585,0.27
0.55,0.19673333333333332,-0.142,-0.26480585,0.275,0.1884,0.142,-0.21670886168721784,0.775,-0.19839999999999997,-0.142,-0.21670886168721784,0.775,-0.19006666666666666,0.142,-0.26480585,0.275
0.56,0.19606666666666667,-0.142,-0.26480585,0.28,0.1894,0.142,-0.21602943709262115,0.78,-0.19739999999999996,-0.142,-0.21602943709262115,0.78,-0.1907333333333333,0.142,-0.26480585,0.28
0.5700000000000001,0.1954,-0.142,-0.26480585,0.28500000000000003,0.1904,0.142,-0.2154966019900581,0.785,-0.19639999999999996,-0.142,-0.2154966019900581,0.785,-0.1914,0.142,-0.26480585,0.28500000000000003
0.58,0.1947333333333333,-0.142,-0.26480585,0.29,0.19140000000000001,0.142,-0.21511364148512158,0.79,-0.19539999999999996,-0.142,-0.21511364148512158,0.79,-0.19206666666666666,0.142,-0.26480585,0.29
0.59,0.19406666666666667,-0.142,-0.26480585,0.295,0.1924,0.142,-0.2148829166566718,0.7949999999999999,-0.1944,-0.142,-0.2148829166566718,0.7949999999999999,-0.1927333333333333,0.142,-0.26480585,0.295
0.6,0.1934,-0.142,-0.26480585,0.3,0.1934,0.142,-0.21480585000000002,0.8,-0.1934,-0.142,-0.21480585000000002,0.8,-0.1934,0.142,-0.26480585,0.3
0.61,0.1927333333333333,-0.142,-0.26480585,0.305,0.19439999999999996,0.142,-0.2148829166566718,0.8049999999999999,-0.19240000000000002,-0.142,-0.2148829166566718,0.8049999999999999,-0.19406666666666667,0.142,-0.26480585,0.305
0.62,0.19206666666666666,-0.142,-0.26480585,0.31,0.1954,0.142,-0.21511364148512158,0.81,-0.1914,-0.142,-0.21511364148512158,0.81,-0.1947333333333333,0.142,-0.26480585,0.31
0.63,0.1914,-0.142,-0.26480585,0.315,0.19639999999999996,0.142,-0.2154966019900581,0.815,-0.1904,-0.142,-0.2154966019900581,0.815,-0.1954,0.142,-0.26480585,0.315
0.64,0.1907333333333333,-0.142,-0.26480585,0.32,0.1974,0.142,-0.21602943709262118,0.8200000000000001,-0.18939999999999999,-0.142,-0.21602943709262118,0.8200000000000001,-0.19606666666666667,0.142,-0.26480585,0.32
0.65,0.19006666666666666,-0.142,-0.26480585,0.325,0.19839999999999997,0.142,-0.2167088616872178,0.825,-0.1884,-0.142,-0.2167088616872178,0.825,-0.19673333333333332,0.142,-0.26480585,0.325
0.66,0.18939999999999999,-0.142,-0.26480585,0.33,0.1994,0.142,-0.21753068689529081,0.8300000000000001,-0.18739999999999998,-0.142,-0.21753068689529081,0.8300000000000001,-0.1974,0.142,-0.26480585,0.33
0.67,0.1887333333333333,-0.142,-0.26480585,0.335,0.20039999999999997,0.142,-0.2184898458911477,0.835,-0.1864,-0.142,-0.2184898458911477,0.835,-0.19806666666666667,0.142,-0.26480585,0.335
0.68,0.18806666666666666,-0.142,-0.26480585,0.34,0.2014,0.142,-0.21958042514062634,0.8400000000000001,-0.18539999999999998,-0.142,-0.21958042514062634,0.8400000000000001,-0.19873333333333332,0.142,-0.26480585,0.34
0.6900000000000001,0.18739999999999998,-0.142,-0.26480585,0.34500000000000003,0.20239999999999997,0.142,-0.22079570085999922,0.845,-0.1844,-0.142,-0.22079570085999922,0.845,-0.1994,0.142,-0.26480585,0.34500000000000003
0.7000000000000001,0.1867333333333333,-0.142,-0.26480585,0.35000000000000003,0.2034,0.142,-0.22212818047033633,0.8500000000000001,-0.18339999999999998,-0.142,-0.22212818047033633,0.8500000000000001,-0.20006666666666667,0.142,-0.26480585,0.35000000000000003
0.71,0.18606666666666666,-0.142,-0.26480585,0.355,0.20439999999999997,0.142,-0.2235696487917454,0.855,-0.1824,-0.142,-0.2235696487917454,0.855,-0.20073333333333332,0.142,-0.26480585,0.355
0.72,0.18539999999999998,-0.142,-0.26480585,0.36,0.2054,0.142,-0.2251112186926882,0.86,-0.18139999999999998,-0.142,-0.2251112186926882,0.86,-0.2014,0.142,-0.26480585,0.36
0.73,0.1847333333333333,-0.142,-0.26480585,0.365,0.20639999999999997,0.142,-0.22674338588210127,0.865,-0.1804,-0.142,-0.22674338588210127,0.865,-0.20206666666666667,0.142,-0.26480585,0.365
0.74,0.18406666666666666,-0.142,-0.26480585,0.37,0.2074,0.142,-0.22845608750651134,0.87,-0.17939999999999998,-0.142,-0.22845608750651134,0.87,-0.20273333333333332,0.142,-0.26480585,0.37
0.75,0.18339999999999998,-0.142,-0.26480585,0.375,0.20839999999999997,0.142,-0.23023876419087275,0.875,-0.1784,-0.142,-0.23023876419087275,0.875,-0.2034,0.142,-0.26480585,0.375
0.76,0.1827333333333333,-0.142,-0.26480585,0.38,0.2094,0.142,-0.23208042514062632,0.88,-0.17739999999999997,-0.142,-0.23208042514062632,0.88,-0.20406666666666667,0.142,-0.26480585,0.38
0.77,0.18206666666666665,-0.142,-0.26480585,0.385,0.21039999999999998,0.142,-0.23396971590360238,0.885,-0.1764,-0.142,-0.23396971590360238,0.885,-0.20473333333333332,0.142,-0.26480585,0.385
0.78,0.18139999999999998,-0.142,-0.26480585,0.39,0.2114,0.142,-0.23589498837399425,0.89,-0.17539999999999997,-0.142,-0.23589498837399425,0.89,-0.2054,0.142,-0.26480585,0.39
0.79,0.1807333333333333,-0.142,-0.26480585,0.395,0.21239999999999998,0.142,-0.23784437260680388,0.895,-0.1744,-0.142,-0.23784437260680388,0.895,-0.20606666666666668,0.142,-0.26480585,0.395
0.8,0.18006666666666665,-0.142,-0.26480585,0.4,0.2134,0.142,-0.23980585000000001,0.9,-0.17339999999999997,-0.142,-0.23980585000000001,0.9,-0.20673333333333332,0.142,-0.26480585,0.4
0.81,0.17939999999999998,-0.142,-0.26480585,0.405,0.21439999999999998,0.142,-0.24176732739319615,0.905,-0.1724,-0.142,-0.24176732739319615,0.905,-0.2074,0.142,-0.26480585,0.405
0.8200000000000001,0.1787333333333333,-0.142,-0.26480585,0.41000000000000003,0.2154,0.142,-0.2437167116260058,0.91,-0.17139999999999997,-0.142,-0.2437167116260058,0.91,-0.20806666666666668,0.142,-0.26480585,0.41000000000000003
0.8300000000000001,0.17806666666666665,-0.142,-0.26480585,0.41500000000000004,0.2164,0.142,-0.24564198409639765,0.915,-0.17039999999999997,-0.142,-0.24564198409639765,0.915,-0.20873333333333333,0.142,-0.26480585,0.41500000000000004
0.84,0.1774,-0.142,-0.26480585,0.42,0.21739999999999998,0.142,-0.24753127485937368,0.9199999999999999,-0.1694,-0.142,-0.24753127485937368,0.9199999999999999,-0.20939999999999998,0.142,-0.26480585,0.42
0.85,0.17673333333333333,-0.142,-0.26480585,0.425,0.2184,0.142,-0.24937293580912726,0.925,-0.16839999999999997,-0.142,-0.24937293580912726,0.925,-0.21006666666666665,0.142,-0.26480585,0.425
0.86,0.17606666666666665,-0.142,-0.26480585,0.43,0.21939999999999998,0.142,-0.25115561249348867,0.9299999999999999,-0.1674,-0.142,-0.25115561249348867,0.9299999999999999,-0.21073333333333333,0.142,-0.26480585,0.43
0.87,0.1754,-0.142,-0.26480585,0.435,0.2204,0.142,-0.25286831411789873,0.935,-0.16639999999999996,-0.142,-0.25286831411789873,0.935,-0.21139999999999998,0.142,-0.26480585,0.435
0.88,0.17473333333333332,-0.142,-0.26480585,0.44,0.22139999999999999,0.142,-0.25450048130731184,0.94,-0.1654,-0.142,-0.25450048130731184,0.94,-0.21206666666666665,0.142,-0.26480585,0.44
0.89,0.17406666666666665,-0.142,-0.26480585,0.445,0.22240000000000001,0.142,-0.25604205120825463,0.9450000000000001,-0.16439999999999996,-0.142,-0.25604205120825463,0.9450000000000001,-0.21273333333333333,0.142,-0.26480585,0.445
0.9,0.1734,-0.142,-0.26480585,0.45,0.2234,0.142,-0.2574835195296637,0.95,-0.1634,-0.142,-0.2574835195296637,0.95,-0.21339999999999998,0.142,-0.26480585,0.45
0.91,0.17273333333333332,-0.142,-0.26480585,0.455,0.22440000000000002,0.142,-0.2588159991400008,0.9550000000000001,-0.16239999999999996,-0.142,-0.2588159991400008,0.9550000000000001,-0.21406666666666666,0.142,-0.26480585,0.455
0.92,0.17206666666666665,-0.142,-0.26480585,0.46,0.2254,0.142,-0.26003127485937366,0.96,-0.1614,-0.142,-0.26003127485937366,0.96,-0.21473333333333333,0.142,-0.26480585,0.46
0.93,0.1714,-0.142,-0.26480585,0.465,0.22640000000000002,0.142,-0.26112185410885236,0.9650000000000001,-0.16039999999999996,-0.142,-0.26112185410885236,0.9650000000000001,-0.21539999999999998,0.142,-0.26480585,0.465
0.9400000000000001,0.17073333333333332,-0.142,-0.26480585,0.47000000000000003,0.2274,0.142,-0.2620810131047092,0.97,-0.1594,-0.142,-0.2620810131047092,0.97,-0.21606666666666666,0.142,-0.26480585,0.47000000000000003
0.9500000000000001,0.17006666666666664,-0.142,-0.26480585,0.47500000000000003,0.22840000000000002,0.142,-0.26290283831278216,0.9750000000000001,-0.15839999999999996,-0.142,-0.26290283831278216,0.9750000000000001,-0.21673333333333333,0.142,-0.26480585,0.47500000000000003
0.96,0.1694,-0.142,-0.26480585,0.48,0.2294,0.142,-0.26358226290737885,0.98,-0.15739999999999998,-0.142,-0.26358226290737885,0.98,-0.21739999999999998,0.142,-0.26480585,0.48
0.97,0.16873333333333332,-0.142,-0.26480585,0.485,0.2304,0.142,-0.26411509800994193,0.985,-0.15639999999999998,-0.142,-0.26411509800994193,0.985,-0.21806666666666666,0.142,-0.26480585,0.485
0.98,0.16806666666666667,-0.142,-0.26480585,0.49,0.2314,0.142,-0.26449805851487845,0.99,-0.15539999999999998,-0.142,-0.26449805851487845,0.99,-0.2187333333333333,0.142,-0.26480585,0.49
0.99,0.1674,-0.142,-0.26480585,0.495,0.2324,0.142,-0.2647287833433282,0.995,-0.15439999999999998,-0.142,-0.2647287833433282,0.995,-0.21939999999999998,0.142,-0.26480585,0.495
1.0,0.16673333333333332,-0.142,-0.26480585,0.5,0.2334,0.142,-0.26480585,0.0,-0.15339999999999998,-0.142,-0.26480585,0.0,-0.22006666666666666,0.142,-0.26480585,0.5
1.01,0.16606666666666664,-0.142,-0.26480585,0.505,0.23273333333333335,0.142,-0.26480585,0.004999999999999893,-0.15406666666666663,-0.142,-0.26480585,0.004999999999999893,-0.22073333333333334,0.142,-0.26480585,0.505
1.02,0.1654,-0.142,-0.26480585,0.51,0.23206666666666664,0.142,-0.26480585,0.010000000000000009,-0.15473333333333333,-0.142,-0.26480585,0.010000000000000009,-0.22139999999999999,0.142,-0.26480585,0.51
1.03,0.16473333333333331,-0.142,-0.26480585,0.515,0.23139999999999997,0.142,-0.26480585,0.015000000000000124,-0.1554,-0.142,-0.26480585,0.015000000000000124,-0.22206666666666666,0.142,-0.26480585,0.515
1.04,0.16406666666666664,-0.142,-0.26480585,0.52,0.23073333333333332,0.142,-0.26480585,0.020000000000000018,-0.15606666666666666,-0.142,-0.26480585,0.020000000000000018,-0.22273333333333334,0.142,-0.26480585,0.52
1.05,0.1634,-0.142,-0.26480585,0.525,0.23006666666666667,0.142,-0.26480585,0.02499999999999991,-0.1567333333333333,-0.142,-0.26480585,0.02499999999999991,-0.2234,0.142,-0.26480585,0.525
1.06,0.1627333333333333,-0.142,-0.26480585,0.53,0.2294,0.142,-0.26480585,0.030000000000000027,-0.15739999999999998,-0.142,-0.26480585,0.030000000000000027,-0.22406666666666666,0.142,-0.26480585,0.53
1.07,0.16206666666666664,-0.142,-0.26480585,0.535,0.2287333333333333,0.142,-0.26480585,0.03500000000000014,-0.1580666666666667,-0.142,-0.26480585,0.03500000000000014,-0.22473333333333334,0.142,-0.26480585,0.535
1.08,0.1614,-0.142,-0.26480585,0.54,0.22806666666666664,0.142,-0.26480585,0.040000000000000036,-0.15873333333333334,-0.142,-0.26480585,0.040000000000000036,-0.2254,0.142,-0.26480585,0.54
1.09,0.1607333333333333,-0.142,-0.26480585,0.545,0.2274,0.142,-0.26480585,0.04499999999999993,-0.1594,-0.142,-0.26480585,0.04499999999999993,-0.22606666666666667,0.142,-0.26480585,0.545
1.1,0.16006666666666663,-0.142,-0.26480585,0.55,0.22673333333333331,0.142,-0.26480585,0.050000000000000044,-0.16006666666666666,-0.142,-0.26480585,0.050000000000000044,-0.22673333333333334,0.142,-0.26480585,0.55
1.11,0.1594,-0.142,-0.26480585,0.555,0.22606666666666664,0.142,-0.26480585,0.05500000000000016,-0.16073333333333334,-0.142,-0.26480585,0.05500000000000016,-0.2274,0.142,-0.26480585,0.555
1.12,0.1587333333333333,-0.142,-0.26480585,0.56,0.2254,0.142,-0.26480585,0.06000000000000005,-0.1614,-0.142,-0.26480585,0.06000000000000005,-0.22806666666666667,0.142,-0.26480585,0.56
1.1300000000000001,0.15806666666666663,-0.142,-0.26480585,0.5650000000000001,0.22473333333333334,0.142,-0.26480585,0.06499999999999995,-0.16206666666666664,-0.142,-0.26480585,0.06499999999999995,-0.22873333333333334,0.142,-0.26480585,0.5650000000000001
1.1400000000000001,0.15739999999999998,-0.142,-0.26480585,0.5700000000000001,0.22406666666666664,0.142,-0.26480585,0.07000000000000006,-0.16273333333333334,-0.142,-0.26480585,0.07000000000000006,-0.2294,0.142,-0.26480585,0.5700000000000001
1.1500000000000001,0.1567333333333333,-0.142,-0.26480585,0.5750000000000001,0.22339999999999996,0.142,-0.26480585,0.07500000000000018,-0.16340000000000002,-0.142,-0.26480585,0.07500000000000018,-0.23006666666666667,0.142,-0.26480585,0.5750000000000001
1.16,0.15606666666666666,-0.142,-0.26480585,0.58,0.2227333333333333,0.142,-0.26480585,0.08000000000000007,-0.16406666666666667,-0.142,-0.26480585,0.08000000000000007,-0.23073333333333332,0.142,-0.26480585,0.58
1.17,0.15539999999999998,-0.142,-0.26480585,0.585,0.22206666666666666,0.142,-0.26480585,0.08499999999999996,-0.16473333333333331,-0.142,-0.26480585,0.08499999999999996,-0.2314,0.142,-0.26480585,0.585
1.18,0.15473333333333333,-0.142,-0.26480585,0.59,0.2214,0.142,-0.26480585,0.08999999999999986,-0.16539999999999996,-0.142,-0.26480585,0.08999999999999986,-0.23206666666666664,0.142,-0.26480585,0.59
1.19,0.15406666666666666,-0.142,-0.26480585,0.595,0.22073333333333334,0.142,-0.26480585,0.09499999999999997,-0.16606666666666664,-0.142,-0.26480585,0.09499999999999997,-0.23273333333333332,0.142,-0.26480585,0.595
1.2,0.15339999999999998,-0.142,-0.26480585,0.6,0.22006666666666663,0.142,-0.26480585,0.10000000000000009,-0.16673333333333334,-0.142,-0.26480585,0.10000000000000009,-0.2334,0.142,-0.26480585,0.6
1.21,0.15439999999999998,-0.142,-0.2647287833433282,0.605,0.21939999999999998,0.142,-0.26480585,0.10499999999999998,-0.1674,-0.142,-0.26480585,0.10499999999999998,-0.2324,0.142,-0.2647287833433282,0.605
1.22,0.15539999999999998,-0.142,-0.26449805851487845,0.61,0.21873333333333334,0.142,-0.26480585,0.10999999999999988,-0.16806666666666664,-0.142,-0.26480585,0.10999999999999988,-0.2314,0.142,-0.26449805851487845,0.61
1.23,0.15639999999999998,-0.142,-0.26411509800994193,0.615,0.21806666666666666,0.142,-0.26480585,0.11499999999999999,-0.16873333333333332,-0.142,-0.26480585,0.11499999999999999,-0.2304,0.142,-0.26411509800994193,0.615
1.24,0.15739999999999998,-0.142,-0.26358226290737885,0.62,0.21739999999999998,0.142,-0.26480585,0.1200000000000001,-0.1694,-0.142,-0.26480585,0.1200000000000001,-0.2294,0.142,-0.26358226290737885,0.62
1.25,0.15839999999999999,-0.142,-0.26290283831278216,0.625,0.21673333333333333,0.142,-0.26480585,0.125,-0.17006666666666664,-0.142,-0.26480585,0.125,-0.2284,0.142,-0.26290283831278216,0.625
1.26,0.1594,-0.142,-0.2620810131047092,0.63,0.21606666666666666,0.142,-0.26480585,0.1299999999999999,-0.17073333333333332,-0.142,-0.26480585,0.1299999999999999,-0.2274,0.142,-0.2620810131047092,0.63
1.27,0.1604,-0.142,-0.2611218541088523,0.635,0.21539999999999998,0.142,-0.26480585,0.135,-0.1714,-0.142,-0.26480585,0.135,-0.2264,0.142,-0.2611218541088523,0.635
1.28,0.1614,-0.142,-0.26003127485937366,0.64,0.2147333333333333,0.142,-0.26480585,0.14000000000000012,-0.17206666666666667,-0.142,-0.26480585,0.14000000000000012,-0.2254,0.142,-0.26003127485937366,0.64
1.29,0.1624,-0.142,-0.25881599914000075,0.645,0.21406666666666666,0.142,-0.26480585,0.14500000000000002,-0.17273333333333332,-0.142,-0.26480585,0.14500000000000002,-0.2244,0.142,-0.25881599914000075,0.645
1.3,0.1634,-0.142,-0.2574835195296637,0.65,0.2134,0.142,-0.26480585,0.1499999999999999,-0.17339999999999997,-0.142,-0.26480585,0.1499999999999999,-0.2234,0.142,-0.2574835195296637,0.65
1.31,0.1644,-0.142,-0.2560420512082546,0.655,0.21273333333333333,0.142,-0.26480585,0.15500000000000003,-0.17406666666666665,-0.142,-0.26480585,0.15500000000000003,-0.2224,0.142,-0.2560420512082546,0.655
1.32,0.1654,-0.142,-0.25450048130731184,0.66,0.21206666666666663,0.142,-0.26480585,0.16000000000000014,-0.17473333333333335,-0.142,-0.26480585,0.16000000000000014,-0.22139999999999999,0.142,-0.25450048130731184,0.66
1.33,0.1664,-0.142,-0.25286831411789873,0.665,0.21139999999999998,0.142,-0.26480585,0.16500000000000004,-0.1754,-0.142,-0.26480585,0.16500000000000004,-0.22039999999999998,0.142,-0.25286831411789873,0.665
1.34,0.1674,-0.142,-0.25115561249348867,0.67,0.21073333333333333,0.142,-0.26480585,0.16999999999999993,-0.17606666666666665,-0.142,-0.26480585,0.16999999999999993,-0.21939999999999998,0.142,-0.25115561249348867,0.67
1.35,0.1684,-0.142,-0.24937293580912723,0.675,0.21006666666666665,0.142,-0.26480585,0.17500000000000004,-0.17673333333333333,-0.142,-0.26480585,0.17500000000000004,-0.21839999999999998,0.142,-0.24937293580912723,0.675
1.36,0.1694,-0.142,-0.24753127485937368,0.68,0.20939999999999998,0.142,-0.26480585,0.18000000000000016,-0.1774,-0.142,-0.26480585,0.18000000000000016,-0.21739999999999998,0.142,-0.24753127485937368,0.68
1.37,0.1704,-0.142,-0.24564198409639762,0.685,0.20873333333333333,0.142,-0.26480585,0.18500000000000005,-0.17806666666666665,-0.142,-0.26480585,0.18500000000000005,-0.21639999999999998,0.142,-0.24564198409639762,0.685
1.3800000000000001,0.1714,-0.142,-0.24371671162600575,0.6900000000000001,0.20806666666666665,0.142,-0.26480585,0.18999999999999995,-0.17873333333333333,-0.142,-0.26480585,0.18999999999999995,-0.21539999999999998,0.142,-0.24371671162600575,0.6900000000000001
1.3900000000000001,0.1724,-0.142,-0.2417673273931961,0.6950000000000001,0.20739999999999997,0.142,-0.26480585,0.19500000000000006,-0.1794,-0.142,-0.26480585,0.19500000000000006,-0.21439999999999998,0.142,-0.2417673273931961,0.6950000000000001
1.4000000000000001,0.1734,-0.142,-0.23980585,0.7000000000000001,0.2067333333333333,0.142,-0.26480585,0.20000000000000018,-0.18006666666666668,-0.142,-0.26480585,0.20000000000000018,-0.21339999999999998,0.142,-0.23980585,0.7000000000000001
1.41,0.1744,-0.142,-0.23784437260680388,0.705,0.20606666666666665,0.142,-0.26480585,0.20500000000000007,-0.18073333333333333,-0.142,-0.26480585,0.20500000000000007,-0.21239999999999998,0.142,-0.23784437260680388,0.705
1.42,0.1754,-0.142,-0.23589498837399425,0.71,0.2054,0.142,-0.26480585,0.20999999999999996,-0.18139999999999998,-0.142,-0.26480585,0.20999999999999996,-0.21139999999999998,0.142,-0.23589498837399425,0.71
1.43,0.1764,-0.142,-0.23396971590360238,0.715,0.20473333333333335,0.142,-0.26480585,0.21499999999999986,-0.18206666666666663,-0.142,-0.26480585,0.21499999999999986,-0.21039999999999998,0.142,-0.23396971590360238,0.715
1.44,0.1774,-0.142,-0.23208042514062632,0.72,0.20406666666666665,0.142,-0.26480585,0.21999999999999997,-0.18273333333333333,-0.142,-0.26480585,0.21999999999999997,-0.20939999999999998,0.142,-0.23208042514062632,0.72
1.45,0.1784,-0.142,-0.23023876419087277,0.725,0.20339999999999997,0.142,-0.26480585,0.2250000000000001,-0.1834,-0.142,-0.26480585,0.2250000000000001,-0.20839999999999997,0.142,-0.23023876419087277,0.725
1.46,0.1794,-0.142,-0.22845608750651134,0.73,0.20273333333333332,0.142,-0.26480585,0.22999999999999998,-0.18406666666666666,-0.142,-0.26480585,0.22999999999999998,-0.20739999999999997,0.142,-0.22845608750651134,0.73
1.47,0.1804,-0.142,-0.2267433858821013,0.735,0.20206666666666667,0.142,-0.26480585,0.23499999999999988,-0.1847333333333333,-0.142,-0.26480585,0.23499999999999988,-0.20639999999999997,0.142,-0.2267433858821013,0.735
1.48,0.1814,-0.142,-0.2251112186926882,0.74,0.2014,0.142,-0.26480585,0.24,-0.18539999999999998,-0.142,-0.26480585,0.24,-0.20539999999999997,0.142,-0.2251112186926882,0.74
1.49,0.1824,-0.142,-0.2235696487917454,0.745,0.20073333333333332,0.142,-0.26480585,0.2450000000000001,-0.18606666666666666,-0.142,-0.26480585,0.2450000000000001,-0.20439999999999997,0.142,-0.2235696487917454,0.745
1.5,0.1834,-0.142,-0.2221281804703363,0.75,0.20006666666666667,0.142,-0.26480585,0.25,-0.1867333333333333,-0.142,-0.26480585,0.25,-0.20339999999999997,0.142,-0.2221281804703363,0.75
1.51,0.1844,-0.142,-0.22079570085999922,0.755,0.1994,0.142,-0.26480585,0.2549999999999999,-0.18739999999999998,-0.142,-0.26480585,0.2549999999999999,-0.20239999999999997,0.142,-0.22079570085999922,0.755
1.52,0.1854,-0.142,-0.2195804251406263,0.76,0.19873333333333332,0.142,-0.26480585,0.26,-0.18806666666666666,-0.142,-0.26480585,0.26,-0.20139999999999997,0.142,-0.2195804251406263,0.76
1.53,0.1864,-0.142,-0.2184898458911477,0.765,0.19806666666666664,0.142,-0.26480585,0.2650000000000001,-0.18873333333333334,-0.142,-0.26480585,0.2650000000000001,-0.20039999999999997,0.142,-0.2184898458911477,0.765
1.54,0.1874,-0.142,-0.21753068689529081,0.77,0.1974,0.142,-0.26480585,0.27,-0.18939999999999999,-0.142,-0.26480585,0.27,-0.19939999999999997,0.142,-0.21753068689529081,0.77
1.55,0.1884,-0.142,-0.21670886168721784,0.775,0.19673333333333332,0.142,-0.26480585,0.2749999999999999,-0.19006666666666666,-0.142,-0.26480585,0.2749999999999999,-0.19839999999999997,0.142,-0.21670886168721784,0.775
1.56,0.1894,-0.142,-0.21602943709262115,0.78,0.19606666666666667,0.142,-0.26480585,0.28,-0.1907333333333333,-0.142,-0.26480585,0.28,-0.19739999999999996,0.142,-0.21602943709262115,0.78
1.57,0.1904,-0.142,-0.2154966019900581,0.785,0.19539999999999996,0.142,-0.26480585,0.28500000000000014,-0.19140000000000001,-0.142,-0.26480585,0.28500000000000014,-0.19639999999999996,0.142,-0.2154966019900581,0.785
1.58,0.19140000000000001,-0.142,-0.21511364148512158,0.79,0.1947333333333333,0.142,-0.26480585,0.29000000000000004,-0.19206666666666666,-0.142,-0.26480585,0.29000000000000004,-0.19539999999999996,0.142,-0.21511364148512158,0.79
1.59,0.19240000000000002,-0.142,-0.2148829166566718,0.795,0.19406666666666667,0.142,-0.26480585,0.29499999999999993,-0.1927333333333333,-0.142,-0.26480585,0.29499999999999993,-0.19439999999999996,0.142,-0.2148829166566718,0.795
1.6,0.1934,-0.142,-0.21480585000000002,0.8,0.1934,0.142,-0.26480585,0.30000000000000004,-0.1934,-0.142,-0.26480585,0.30000000000000004,-0.1934,0.142,-0.21480585000000002,0.8
1.61,0.19440000000000002,-0.142,-0.2148829166566718,0.805,0.1927333333333333,0.142,-0.26480585,0.30500000000000016,-0.19406666666666667,-0.142,-0.26480585,0.30500000000000016,-0.19239999999999996,0.142,-0.2148829166566718,0.805
1.62,0.1954,-0.142,-0.21511364148512158,0.81,0.19206666666666664,0.142,-0.26480585,0.31000000000000005,-0.19473333333333334,-0.142,-0.26480585,0.31000000000000005,-0.1914,0.142,-0.21511364148512158,0.81
1.6300000000000001,0.19640000000000002,-0.142,-0.2154966019900581,0.8150000000000001,0.1914,0.142,-0.26480585,0.31499999999999995,-0.1954,-0.142,-0.26480585,0.31499999999999995,-0.19039999999999996,0.142,-0.2154966019900581,0.8150000000000001
1.6400000000000001,0.1974,-0.142,-0.21602943709262118,0.8200000000000001,0.1907333333333333,0.142,-0.26480585,0.32000000000000006,-0.19606666666666667,-0.142,-0.26480585,0.32000000000000006,-0.18939999999999999,0.142,-0.21602943709262118,0.8200000000000001
1.6500000000000001,0.19840000000000002,-0.142,-0.21670886168721784,0.8250000000000001,0.19006666666666663,0.142,-0.26480585,0.3250000000000002,-0.19673333333333334,-0.142,-0.26480585,0.3250000000000002,-0.18839999999999996,0.142,-0.21670886168721784,0.8250000000000001
1.6600000000000001,0.1994,-0.142,-0.21753068689529081,0.8300000000000001,0.18939999999999999,0.142,-0.26480585,0.33000000000000007,-0.1974,-0.142,-0.26480585,0.33000000000000007,-0.18739999999999998,0.142,-0.21753068689529081,0.8300000000000001
1.67,0.20039999999999997,-0.142,-0.2184898458911477,0.835,0.1887333333333333,0.142,-0.26480585,0.33499999999999996,-0.19806666666666667,-0.142,-0.26480585,0.33499999999999996,-0.1864,0.142,-0.2184898458911477,0.835
1.68,0.2014,-0.142,-0.2195804251406263,0.84,0.18806666666666666,0.142,-0.26480585,0.33999999999999986,-0.19873333333333332,-0.142,-0.26480585,0.33999999999999986,-0.18539999999999998,0.142,-0.2195804251406263,0.84
1.69,0.20239999999999997,-0.142,-0.22079570085999922,0.845,0.18739999999999998,0.142,-0.26480585,0.345,-0.1994,-0.142,-0.26480585,0.345,-0.1844,0.142,-0.22079570085999922,0.845
1.7,0.2034,-0.142,-0.2221281804703363,0.85,0.1867333333333333,0.142,-0.26480585,0.3500000000000001,-0.20006666666666667,-0.142,-0.26480585,0.3500000000000001,-0.18339999999999998,0.142,-0.2221281804703363,0.85
1.71,0.20439999999999997,-0.142,-0.2235696487917454,0.855,0.18606666666666666,0.142,-0.26480585,0.355,-0.20073333333333332,-0.142,-0.26480585,0.355,-0.1824,0.142,-0.2235696487917454,0.855
1.72,0.2054,-0.142,-0.2251112186926882,0.86,0.1854,0.142,-0.26480585,0.3599999999999999,-0.20139999999999997,-0.142,-0.26480585,0.3599999999999999,-0.18139999999999998,0.142,-0.2251112186926882,0.86
1.73,0.20639999999999997,-0.142,-0.22674338588210127,0.865,0.1847333333333333,0.142,-0.26480585,0.365,-0.20206666666666667,-0.142,-0.26480585,0.365,-0.1804,0.142,-0.22674338588210127,0.865
1.74,0.2074,-0.142,-0.22845608750651134,0.87,0.18406666666666663,0.142,-0.26480585,0.3700000000000001,-0.20273333333333335,-0.142,-0.26480585,0.3700000000000001,-0.17939999999999998,0.142,-0.22845608750651134,0.87
1.75,0.20839999999999997,-0.142,-0.23023876419087275,0.875,0.18339999999999998,0.142,-0.26480585,0.375,-0.2034,-0.142,-0.26480585,0.375,-0.1784,0.142,-0.23023876419087275,0.875
1.76,0.2094,-0.142,-0.23208042514062632,0.88,0.18273333333333333,0.142,-0.26480585,0.3799999999999999,-0.20406666666666665,-0.142,-0.26480585,0.3799999999999999,-0.17739999999999997,0.142,-0.23208042514062632,0.88
1.77,0.21039999999999998,-0.142,-0.23396971590360238,0.885,0.18206666666666665,0.142,-0.26480585,0.385,-0.20473333333333332,-0.142,-0.26480585,0.385,-0.1764,0.142,-0.23396971590360238,0.885
1.78,0.2114,-0.142,-0.23589498837399425,0.89,0.18139999999999998,0.142,-0.26480585,0.3900000000000001,-0.2054,-0.142,-0.26480585,0.3900000000000001,-0.17539999999999997,0.142,-0.23589498837399425,0.89
1.79,0.21239999999999998,-0.142,-0.23784437260680388,0.895,0.1807333333333333,0.142,-0.26480585,0.395,-0.20606666666666668,-0.142,-0.26480585,0.395,-0.1744,0.142,-0.23784437260680388,0.895
1.8,0.2134,-0.142,-0.23980585000000001,0.9,0.18006666666666665,0.142,-0.26480585,0.3999999999999999,-0.20673333333333332,-0.142,-0.26480585,0.3999999999999999,-0.17339999999999997,0.142,-0.23980585000000001,0.9
1.81,0.21439999999999998,-0.142,-0.24176732739319615,0.905,0.17939999999999998,0.142,-0.26480585,0.405,-0.2074,-0.142,-0.26480585,0.405,-0.1724,0.142,-0.24176732739319615,0.905
1.82,0.2154,-0.142,-0.2437167116260058,0.91,0.1787333333333333,0.142,-0.26480585,0.41000000000000014,-0.20806666666666668,-0.142,-0.26480585,0.41000000000000014,-0.17139999999999997,0.142,-0.2437167116260058,0.91
1.83,0.2164,-0.142,-0.24564198409639765,0.915,0.17806666666666665,0.142,-0.26480585,0.41500000000000004,-0.20873333333333333,-0.142,-0.26480585,0.41500000000000004,-0.17039999999999997,0.142,-0.24564198409639765,0.915
1.84,0.2174,-0.142,-0.2475312748593737,0.92,0.1774,0.142,-0.26480585,0.41999999999999993,-0.20939999999999998,-0.142,-0.26480585,0.41999999999999993,-0.16939999999999997,0.142,-0.2475312748593737,0.92
1.85,0.2184,-0.142,-0.24937293580912726,0.925,0.1767333333333333,0.142,-0.26480585,0.42500000000000004,-0.21006666666666668,-0.142,-0.26480585,0.42500000000000004,-0.16839999999999997,0.142,-0.24937293580912726,0.925
1.86,0.2194,-0.142,-0.2511556124934887,0.93,0.17606666666666662,0.142,-0.26480585,0.43000000000000016,-0.21073333333333336,-0.142,-0.26480585,0.43000000000000016,-0.16739999999999997,0.142,-0.2511556124934887,0.93
1.87,0.2204,-0.142,-0.25286831411789873,0.935,0.17539999999999997,0.142,-0.26480585,0.43500000000000005,-0.2114,-0.142,-0.26480585,0.43500000000000005,-0.16639999999999996,0.142,-0.25286831411789873,0.935
1.8800000000000001,0.2214,-0.142,-0.25450048130731184,0.9400000000000001,0.17473333333333332,0.142,-0.26480585,0.43999999999999995,-0.21206666666666665,-0.142,-0.26480585,0.43999999999999995,-0.16539999999999996,0.142,-0.25450048130731184,0.9400000000000001
1.8900000000000001,0.22240000000000001,-0.142,-0.25604205120825463,0.9450000000000001,0.17406666666666665,0.142,-0.26480585,0.44500000000000006,-0.21273333333333333,-0.142,-0.26480585,0.44500000000000006,-0.16439999999999996,0.142,-0.25604205120825463,0.9450000000000001
1.9000000000000001,0.22340000000000002,-0.142,-0.25748351952966375,0.9500000000000001,0.17339999999999997,0.142,-0.26480585,0.4500000000000002,-0.2134,-0.142,-0.26480585,0.4500000000000002,-0.16339999999999996,0.142,-0.25748351952966375,0.9500000000000001
1.9100000000000001,0.22440000000000002,-0.142,-0.2588159991400008,0.9550000000000001,0.1727333333333333,0.142,-0.26480585,0.45500000000000007,-0.21406666666666668,-0.142,-0.26480585,0.45500000000000007,-0.16239999999999996,0.142,-0.2588159991400008,0.9550000000000001
1.92,0.2254,-0.142,-0.26003127485937366,0.96,0.17206666666666665,0.142,-0.26480585,0.45999999999999996,-0.21473333333333333,-0.142,-0.26480585,0.45999999999999996,-0.1614,0.142,-0.26003127485937366,0.96
1.93,0.2264,-0.142,-0.2611218541088523,0.965,0.1714,0.142,-0.26480585,0.46499999999999986,-0.21539999999999998,-0.142,-0.26480585,0.46499999999999986,-0.1604,0.142,-0.2611218541088523,0.965
1.94,0.2274,-0.142,-0.2620810131047092,0.97,0.17073333333333332,0.142,-0.26480585,0.47,-0.21606666666666666,-0.142,-0.26480585,0.47,-0.1594,0.142,-0.2620810131047092,0.97
1.95,0.2284,-0.142,-0.26290283831278216,0.975,0.17006666666666664,0.142,-0.26480585,0.4750000000000001,-0.21673333333333333,-0.142,-0.26480585,0.4750000000000001,-0.15839999999999999,0.142,-0.26290283831278216,0.975
1.96,0.2294,-0.142,-0.26358226290737885,0.98,0.1694,0.142,-0.26480585,0.48,-0.21739999999999998,-0.142,-0.26480585,0.48,-0.15739999999999998,0.142,-0.26358226290737885,0.98
1.97,0.2304,-0.142,-0.26411509800994193,0.985,0.16873333333333335,0.142,-0.26480585,0.4849999999999999,-0.21806666666666663,-0.142,-0.26480585,0.4849999999999999,-0.15639999999999998,0.142,-0.26411509800994193,0.985
1.98,0.2314,-0.142,-0.26449805851487845,0.99,0.16806666666666667,0.142,-0.26480585,0.49,-0.2187333333333333,-0.142,-0.26480585,0.49,-0.15539999999999998,0.142,-0.26449805851487845,0.99
1.99,0.2324,-0.142,-0.2647287833433282,0.995,0.16739999999999997,0.142,-0.26480585,0.4950000000000001,-0.2194,-0.142,-0.26480585,0.4950000000000001,-0.15439999999999998,0.142,-0.2647287833433282,0.995
2.0,0.2334,-0.142,-0.26480585,0.0,0.16673333333333332,0.142,-0.26480585,0.5,-0.22006666666666666,-0.142,-0.26480585,0.5,-0.15339999999999998,0.142,-0.26480585,0.0
2.0100000000000002,0.2327333333333333,-0.142,-0.26480585,0.0050000000000001155,0.16606666666666664,0.142,-0.26480585,0.5050000000000001,-0.22073333333333334,-0.142,-0.26480585,0.5050000000000001,-0.15406666666666669,0.142,-0.26480585,0.0050000000000001155
2.02,0.23206666666666664,-0.142,-0.26480585,0.010000000000000009,0.1654,0.142,-0.26480585,0.51,-0.22139999999999999,-0.142,-0.26480585,0.51,-0.15473333333333333,0.142,-0.26480585,0.010000000000000009
2.0300000000000002,0.23139999999999997,-0.142,-0.26480585,0.015000000000000124,0.1647333333333333,0.142,-0.26480585,0.5150000000000001,-0.2220666666666667,-0.142,-0.26480585,0.5150000000000001,-0.1554,0.142,-0.26480585,0.015000000000000124
2.04,0.23073333333333332,-0.142,-0.26480585,0.020000000000000018,0.16406666666666664,0.142,-0.26480585,0.52,-0.22273333333333334,-0.142,-0.26480585,0.52,-0.15606666666666666,0.142,-0.26480585,0.020000000000000018
2.05,0.23006666666666667,-0.142,-0.26480585,0.02499999999999991,0.1634,0.142,-0.26480585,0.5249999999999999,-0.2234,-0.142,-0.26480585,0.5249999999999999,-0.1567333333333333,0.142,-0.26480585,0.02499999999999991
2.06,0.2294,-0.142,-0.26480585,0.030000000000000027,0.1627333333333333,0.142,-0.26480585,0.53,-0.22406666666666666,-0.142,-0.26480585,0.53,-0.15739999999999998,0.142,-0.26480585,0.030000000000000027
2.07,0.22873333333333334,-0.142,-0.26480585,0.03499999999999992,0.16206666666666666,0.142,-0.26480585,0.5349999999999999,-0.2247333333333333,-0.142,-0.26480585,0.5349999999999999,-0.15806666666666663,0.142,-0.26480585,0.03499999999999992
2.08,0.22806666666666664,-0.142,-0.26480585,0.040000000000000036,0.1614,0.142,-0.26480585,0.54,-0.2254,-0.142,-0.26480585,0.54,-0.15873333333333334,0.142,-0.26480585,0.040000000000000036
2.09,0.2274,-0.142,-0.26480585,0.04499999999999993,0.16073333333333334,0.142,-0.26480585,0.5449999999999999,-0.22606666666666664,-0.142,-0.26480585,0.5449999999999999,-0.1594,0.142,-0.26480585,0.04499999999999993
2.1,0.22673333333333331,-0.142,-0.26480585,0.050000000000000044,0.16006666666666663,0.142,-0.26480585,0.55,-0.22673333333333334,-0.142,-0.26480585,0.55,-0.16006666666666666,0.142,-0.26480585,0.050000000000000044
2.11,0.22606666666666667,-0.142,-0.26480585,0.05499999999999994,0.1594,0.142,-0.26480585,0.5549999999999999,-0.2274,-0.142,-0.26480585,0.5549999999999999,-0.1607333333333333,0.142,-0.26480585,0.05499999999999994
2.12,0.2254,-0.142,-0.26480585,0.06000000000000005,0.1587333333333333,0.142,-0.26480585,0.56,-0.22806666666666667,-0.142,-0.26480585,0.56,-0.1614,0.142,-0.26480585,0.06000000000000005
2.13,0.22473333333333334,-0.142,-0.26480585,0.06499999999999995,0.15806666666666666,0.142,-0.26480585,0.565,-0.22873333333333332,-0.142,-0.26480585,0.565,-0.16206666666666664,0.142,-0.26480585,0.06499999999999995
2.14,0.22406666666666664,-0.142,-0.26480585,0.07000000000000006,0.15739999999999998,0.142,-0.26480585,0.5700000000000001,-0.2294,-0.142,-0.26480585,0.5700000000000001,-0.16273333333333334,0.142,-0.26480585,0.07000000000000006
2.15,0.2234,-0.142,-0.26480585,0.07499999999999996,0.15673333333333334,0.142,-0.26480585,0.575,-0.23006666666666664,-0.142,-0.26480585,0.575,-0.1634,0.142,-0.26480585,0.07499999999999996
2.16,0.2227333333333333,-0.142,-0.26480585,0.08000000000000007,0.15606666666666663,0.142,-0.26480585,0.5800000000000001,-0.23073333333333335,-0.142,-0.26480585,0.5800000000000001,-0.16406666666666667,0.142,-0.26480585,0.08000000000000007
2.17,0.22206666666666666,-0.142,-0.26480585,0.08499999999999996,0.15539999999999998,0.142,-0.26480585,0.585,-0.2314,-0.142,-0.26480585,0.585,-0.16473333333333331,0.142,-0.26480585,0.08499999999999996
2.18,0.22139999999999999,-0.142,-0.26480585,0.09000000000000008,0.1547333333333333,0.142,-0.26480585,0.5900000000000001,-0.23206666666666667,-0.142,-0.26480585,0.5900000000000001,-0.1654,0.142,-0.26480585,0.09000000000000008
2.19,0.22073333333333334,-0.142,-0.26480585,0.09499999999999997,0.15406666666666666,0.142,-0.26480585,0.595,-0.23273333333333332,-0.142,-0.26480585,0.595,-0.16606666666666664,0.142,-0.26480585,0.09499999999999997
2.2,0.22006666666666663,-0.142,-0.26480585,0.10000000000000009,0.1534,0.142,-0.26480585,0.6000000000000001,-0.23339999999999997,-0.142,-0.26480585,0.6000000000000001,-0.16673333333333334,0.142,-0.26480585,0.10000000000000009
2.21,0.21939999999999998,-0.142,-0.26480585,0.10499999999999998,0.15439999999999998,0.142,-0.2647287833433282,0.605,-0.2324,-0.142,-0.2647287833433282,0.605,-0.1674,0.142,-0.26480585,0.10499999999999998
2.22,0.2187333333333333,-0.142,-0.26480585,0.1100000000000001,0.1554,0.142,-0.26449805851487845,0.6100000000000001,-0.23139999999999997,-0.142,-0.26449805851487845,0.6100000000000001,-0.16806666666666667,0.142,-0.26480585,0.1100000000000001
2.23,0.21806666666666666,-0.142,-0.26480585,0.11499999999999999,0.15639999999999998,0.142,-0.26411509800994193,0.615,-0.2304,-0.142,-0.26411509800994193,0.615,-0.16873333333333332,0.142,-0.26480585,0.11499999999999999
2.24,0.21739999999999998,-0.142,-0.26480585,0.1200000000000001,0.1574,0.142,-0.26358226290737885,0.6200000000000001,-0.22939999999999997,-0.142,-0.26358226290737885,0.6200000000000001,-0.1694,0.142,-0.26480585,0.1200000000000001
2.25,0.21673333333333333,-0.142,-0.26480585,0.125,0.15839999999999999,0.142,-0.26290283831278216,0.625,-0.2284,-0.142,-0.26290283831278216,0.625,-0.17006666666666664,0.142,-0.26480585,0.125
2.2600000000000002,0.21606666666666663,-0.142,-0.26480585,0.13000000000000012,0.15940000000000001,0.142,-0.26208101310470916,0.6300000000000001,-0.22739999999999996,-0.142,-0.26208101310470916,0.6300000000000001,-0.17073333333333335,0.142,-0.26480585,0.13000000000000012
2.27,0.21539999999999998,-0.142,-0.26480585,0.135,0.1604,0.142,-0.2611218541088523,0.635,-0.2264,-0.142,-0.2611218541088523,0.635,-0.1714,0.142,-0.26480585,0.135
2.2800000000000002,0.2147333333333333,-0.142,-0.26480585,0.14000000000000012,0.16140000000000002,0.142,-0.26003127485937366,0.6400000000000001,-0.22539999999999996,-0.142,-0.26003127485937366,0.6400000000000001,-0.17206666666666667,0.142,-0.26480585,0.14000000000000012
2.29,0.21406666666666666,-0.142,-0.26480585,0.14500000000000002,0.1624,0.142,-0.25881599914000075,0.645,-0.2244,-0.142,-0.25881599914000075,0.645,-0.17273333333333332,0.142,-0.26480585,0.14500000000000002
2.3000000000000003,0.21339999999999998,-0.142,-0.26480585,0.15000000000000013,0.16340000000000002,0.142,-0.25748351952966364,0.6500000000000001,-0.22339999999999996,-0.142,-0.25748351952966364,0.6500000000000001,-0.1734,0.142,-0.26480585,0.15000000000000013
2.31,0.21273333333333333,-0.142,-0.26480585,0.15500000000000003,0.1644,0.142,-0.2560420512082546,0.655,-0.2224,-0.142,-0.2560420512082546,0.655,-0.17406666666666665,0.142,-0.26480585,0.15500000000000003
2.32,0.21206666666666665,-0.142,-0.26480585,0.15999999999999992,0.1654,0.142,-0.25450048130731184,0.6599999999999999,-0.22139999999999999,-0.142,-0.25450048130731184,0.6599999999999999,-0.17473333333333332,0.142,-0.26480585,0.15999999999999992
2.33,0.21139999999999998,-0.142,-0.26480585,0.16500000000000004,0.1664,0.142,-0.25286831411789873,0.665,-0.22039999999999998,-0.142,-0.25286831411789873,0.665,-0.1754,0.142,-0.26480585,0.16500000000000004
2.34,0.21073333333333333,-0.142,-0.26480585,0.16999999999999993,0.1674,0.142,-0.2511556124934887,0.6699999999999999,-0.21939999999999998,-0.142,-0.2511556124934887,0.6699999999999999,-0.17606666666666665,0.142,-0.26480585,0.16999999999999993
2.35,0.21006666666666665,-0.142,-0.26480585,0.17500000000000004,0.1684,0.142,-0.24937293580912723,0.675,-0.21839999999999998,-0.142,-0.24937293580912723,0.675,-0.17673333333333333,0.142,-0.26480585,0.17500000000000004
2.36,0.2094,-0.142,-0.26480585,0.17999999999999994,0.1694,0.142,-0.2475312748593737,0.6799999999999999,-0.21739999999999998,-0.142,-0.2475312748593737,0.6799999999999999,-0.17739999999999997,0.142,-0.26480585,0.17999999999999994
2.37,0.20873333333333333,-0.142,-0.26480585,0.18500000000000005,0.1704,0.142,-0.24564198409639762,0.685,-0.21639999999999998,-0.142,-0.24564198409639762,0.685,-0.17806666666666665,0.142,-0.26480585,0.18500000000000005
2.38,0.20806666666666665,-0.142,-0.26480585,0.18999999999999995,0.1714,0.142,-0.24371671162600578,0.69,-0.21539999999999998,-0.142,-0.24371671162600578,0.69,-0.17873333333333333,0.142,-0.26480585,0.18999999999999995
2.39,0.20739999999999997,-0.142,-0.26480585,0.19500000000000006,0.1724,0.142,-0.2417673273931961,0.6950000000000001,-0.21439999999999998,-0.142,-0.2417673273931961,0.6950000000000001,-0.1794,0.142,-0.26480585,0.19500000000000006
2.4,0.20673333333333332,-0.142,-0.26480585,0.19999999999999996,0.1734,0.142,-0.23980585000000001,0.7,-0.21339999999999998,-0.142,-0.23980585000000001,0.7,-0.18006666666666665,0.142,-0.26480585,0.19999999999999996
2.41,0.20606666666666665,-0.142,-0.26480585,0.20500000000000007,0.1744,0.142,-0.23784437260680386,0.7050000000000001,-0.21239999999999998,-0.142,-0.23784437260680386,0.7050000000000001,-0.18073333333333333,0.142,-0.26480585,0.20500000000000007
2.42,0.2054,-0.142,-0.26480585,0.20999999999999996,0.1754,0.142,-0.23589498837399425,0.71,-0.21139999999999998,-0.142,-0.23589498837399425,0.71,-0.18139999999999998,0.142,-0.26480585,0.20999999999999996
2.43,0.20473333333333332,-0.142,-0.26480585,0.21500000000000008,0.1764,0.142,-0.23396971590360233,0.7150000000000001,-0.21039999999999998,-0.142,-0.23396971590360233,0.7150000000000001,-0.18206666666666665,0.142,-0.26480585,0.21500000000000008
2.44,0.20406666666666665,-0.142,-0.26480585,0.21999999999999997,0.1774,0.142,-0.23208042514062632,0.72,-0.20939999999999998,-0.142,-0.23208042514062632,0.72,-0.18273333333333333,0.142,-0.26480585,0.21999999999999997
2.45,0.20339999999999997,-0.142,-0.26480585,0.2250000000000001,0.1784,0.142,-0.23023876419087272,0.7250000000000001,-0.20839999999999997,-0.142,-0.23023876419087272,0.7250000000000001,-0.1834,0.142,-0.26480585,0.2250000000000001
2.46,0.20273333333333332,-0.142,-0.26480585,0.22999999999999998,0.1794,0.142,-0.22845608750651134,0.73,-0.20739999999999997,-0.142,-0.22845608750651134,0.73,-0.18406666666666666,0.142,-0.26480585,0.22999999999999998
2.47,0.20206666666666664,-0.142,-0.26480585,0.2350000000000001,0.1804,0.142,-0.22674338588210124,0.7350000000000001,-0.20639999999999997,-0.142,-0.22674338588210124,0.7350000000000001,-0.18473333333333333,0.142,-0.26480585,0.2350000000000001
2.48,0.2014,-0.142,-0.26480585,0.24,0.1814,0.142,-0.2251112186926882,0.74,-0.20539999999999997,-0.142,-0.2251112186926882,0.74,-0.18539999999999998,0.142,-0.26480585,0.24
2.49,0.20073333333333332,-0.142,-0.26480585,0.2450000000000001,0.1824,0.142,-0.22356964879174537,0.7450000000000001,-0.20439999999999997,-0.142,-0.22356964879174537,0.7450000000000001,-0.18606666666666666,0.142,-0.26480585,0.2450000000000001
2.5,0.20006666666666667,-0.142,-0.26480585,0.25,0.1834,0.142,-0.2221281804703363,0.75,-0.20339999999999997,-0.142,-0.2221281804703363,0.75,-0.1867333333333333,0.142,-0.26480585,0.25
2.5100000000000002,0.19939999999999997,-0.142,-0.26480585,0.2550000000000001,0.1844,0.142,-0.2207957008599992,0.7550000000000001,-0.20239999999999997,-0.142,-0.2207957008599992,0.7550000000000001,-0.1874,0.142,-0.26480585,0.2550000000000001
2.52,0.19873333333333332,-0.142,-0.26480585,0.26,0.1854,0.142,-0.2195804251406263,0.76,-0.20139999999999997,-0.142,-0.2195804251406263,0.76,-0.18806666666666666,0.142,-0.26480585,0.26
2.5300000000000002,0.19806666666666664,-0.142,-0.26480585,0.2650000000000001,0.1864,0.142,-0.21848984589114767,0.7650000000000001,-0.20039999999999997,-0.142,-0.21848984589114767,0.7650000000000001,-0.18873333333333334,0.142,-0.26480585,0.2650000000000001
2.54,0.1974,-0.142,-0.26480585,0.27,0.1874,0.142,-0.21753068689529081,0.77,-0.19939999999999997,-0.142,-0.21753068689529081,0.77,-0.18939999999999999,0.142,-0.26480585,0.27
2.5500000000000003,0.19673333333333332,-0.142,-0.26480585,0.27500000000000013,0.1884,0.142,-0.2167088616872178,0.7750000000000001,-0.19839999999999997,-0.142,-0.2167088616872178,0.7750000000000001,-0.19006666666666666,0.142,-0.26480585,0.27500000000000013
2.56,0.19606666666666667,-0.142,-0.26480585,0.28,0.1894,0.142,-0.21602943709262115,0.78,-0.19739999999999996,-0.142,-0.21602943709262115,0.78,-0.1907333333333333,0.142,-0.26480585,0.28
2.57,0.1954,-0.142,-0.26480585,0.2849999999999999,0.19039999999999999,0.142,-0.2154966019900581,0.7849999999999999,-0.1964,-0.142,-0.2154966019900581,0.7849999999999999,-0.1914,0.142,-0.26480585,0.2849999999999999
2.58,0.1947333333333333,-0.142,-0.26480585,0.29000000000000004,0.19140000000000001,0.142,-0.21511364148512158,0.79,-0.19539999999999996,-0.142,-0.21511364148512158,0.79,-0.19206666666666666,0.142,-0.26480585,0.29000000000000004
2.59,0.19406666666666667,-0.142,-0.26480585,0.29499999999999993,0.1924,0.142,-0.2148829166566718,0.7949999999999999,-0.1944,-0.142,-0.2148829166566718,0.7949999999999999,-0.1927333333333333,0.142,-0.26480585,0.29499999999999993
2.6,0.1934,-0.142,-0.26480585,0.30000000000000004,0.1934,0.142,-0.21480585000000002,0.8,-0.1934,-0.142,-0.21480585000000002,0.8,-0.1934,0.142,-0.26480585,0.30000000000000004
2.61,0.1927333333333333,-0.142,-0.26480585,0.30499999999999994,0.19439999999999996,0.142,-0.2148829166566718,0.8049999999999999,-0.19240000000000002,-0.142,-0.2148829166566718,0.8049999999999999,-0.19406666666666667,0.142,-0.26480585,0.30499999999999994
2.62,0.19206666666666664,-0.142,-0.26480585,0.31000000000000005,0.1954,0.142,-0.21511364148512158,0.81,-0.1914,-0.142,-0.21511364148512158,0.81,-0.19473333333333334,0.142,-0.26480585,0.31000000000000005
2.63,0.1914,-0.142,-0.26480585,0.31499999999999995,0.19639999999999996,0.142,-0.2154966019900581,0.815,-0.1904,-0.142,-0.2154966019900581,0.815,-0.1954,0.142,-0.26480585,0.31499999999999995
2.64,0.1907333333333333,-0.142,-0.26480585,0.32000000000000006,0.1974,0.142,-0.21602943709262118,0.8200000000000001,-0.18939999999999999,-0.142,-0.21602943709262118,0.8200000000000001,-0.19606666666666667,0.142,-0.26480585,0.32000000000000006
2.65,0.19006666666666666,-0.142,-0.26480585,0.32499999999999996,0.19839999999999997,0.142,-0.2167088616872178,0.825,-0.1884,-0.142,-0.2167088616872178,0.825,-0.19673333333333332,0.142,-0.26480585,0.32499999999999996
2.66,0.18939999999999999,-0.142,-0.26480585,0.33000000000000007,0.1994,0.142,-0.21753068689529081,0.8300000000000001,-0.18739999999999998,-0.142,-0.21753068689529081,0.8300000000000001,-0.1974,0.142,-0.26480585,0.33000000000000007
2.67,0.1887333333333333,-0.142,-0.26480585,0.33499999999999996,0.20039999999999997,0.142,-0.2184898458911477,0.835,-0.1864,-0.142,-0.2184898458911477,0.835,-0.19806666666666667,0.142,-0.26480585,0.33499999999999996
2.68,0.18806666666666663,-0.142,-0.26480585,0.3400000000000001,0.2014,0.142,-0.21958042514062634,0.8400000000000001,-0.18539999999999998,-0.142,-0.21958042514062634,0.8400000000000001,-0.19873333333333335,0.142,-0.26480585,0.3400000000000001
2.69,0.18739999999999998,-0.142,-0.26480585,0.345,0.20239999999999997,0.142,-0.22079570085999922,0.845,-0.1844,-0.142,-0.22079570085999922,0.845,-0.1994,0.142,-0.26480585,0.345
2.7,0.1867333333333333,-0.142,-0.26480585,0.3500000000000001,0.2034,0.142,-0.22212818047033633,0.8500000000000001,-0.18339999999999998,-0.142,-0.22212818047033633,0.8500000000000001,-0.20006666666666667,0.142,-0.26480585,0.3500000000000001
2.71,0.18606666666666666,-0.142,-0.26480585,0.355,0.20439999999999997,0.142,-0.2235696487917454,0.855,-0.1824,-0.142,-0.2235696487917454,0.855,-0.20073333333333332,0.142,-0.26480585,0.355
2.72,0.18539999999999998,-0.142,-0.26480585,0.3600000000000001,0.2054,0.142,-0.22511121869268821,0.8600000000000001,-0.18139999999999998,-0.142,-0.22511121869268821,0.8600000000000001,-0.2014,0.142,-0.26480585,0.3600000000000001
2.73,0.1847333333333333,-0.142,-0.26480585,0.365,0.20639999999999997,0.142,-0.22674338588210127,0.865,-0.1804,-0.142,-0.22674338588210127,0.865,-0.20206666666666667,0.142,-0.26480585,0.365
2.74,0.18406666666666663,-0.142,-0.26480585,0.3700000000000001,0.2074,0.142,-0.22845608750651136,0.8700000000000001,-0.17939999999999998,-0.142,-0.22845608750651136,0.8700000000000001,-0.20273333333333335,0.142,-0.26480585,0.3700000000000001
2.75,0.18339999999999998,-0.142,-0.26480585,0.375,0.20839999999999997,0.142,-0.23023876419087275,0.875,-0.1784,-0.142,-0.23023876419087275,0.875,-0.2034,0.142,-0.26480585,0.375
2.7600000000000002,0.1827333333333333,-0.142,-0.26480585,0.3800000000000001,0.2094,0.142,-0.23208042514062635,0.8800000000000001,-0.17739999999999997,-0.142,-0.23208042514062635,0.8800000000000001,-0.20406666666666667,0.142,-0.26480585,0.3800000000000001
2.77,0.18206666666666665,-0.142,-0.26480585,0.385,0.21039999999999998,0.142,-0.23396971590360238,0.885,-0.1764,-0.142,-0.23396971590360238,0.885,-0.20473333333333332,0.142,-0.26480585,0.385
2.7800000000000002,0.18139999999999998,-0.142,-0.26480585,0.3900000000000001,0.2114,0.142,-0.23589498837399428,0.8900000000000001,-0.17539999999999997,-0.142,-0.23589498837399428,0.8900000000000001,-0.2054,0.142,-0.26480585,0.3900000000000001
2.79,0.1807333333333333,-0.142,-0.26480585,0.395,0.21239999999999998,0.142,-0.23784437260680388,0.895,-0.1744,-0.142,-0.23784437260680388,0.895,-0.20606666666666668,0.142,-0.26480585,0.395
2.8000000000000003,0.18006666666666662,-0.142,-0.26480585,0.40000000000000013,0.2134,0.142,-0.23980585000000004,0.9000000000000001,-0.17339999999999997,-0.142,-0.23980585000000004,0.9000000000000001,-0.20673333333333335,0.142,-0.26480585,0.40000000000000013
2.81,0.17939999999999998,-0.142,-0.26480585,0.405,0.21439999999999998,0.142,-0.24176732739319615,0.905,-0.1724,-0.142,-0.24176732739319615,0.905,-0.2074,0.142,-0.26480585,0.405
2.82,0.17873333333333333,-0.142,-0.26480585,0.4099999999999999,0.21539999999999998,0.142,-0.24371671162600575,0.9099999999999999,-0.1714,-0.142,-0.24371671162600575,0.9099999999999999,-0.20806666666666665,0.142,-0.26480585,0.4099999999999999
2.83,0.17806666666666665,-0.142,-0.26480585,0.41500000000000004,0.2164,0.142,-0.24564198409639765,0.915,-0.17039999999999997,-0.142,-0.24564198409639765,0.915,-0.20873333333333333,0.142,-0.26480585,0.41500000000000004
2.84,0.1774,-0.142,-0.26480585,0.41999999999999993,0.21739999999999998,0.142,-0.24753127485937368,0.9199999999999999,-0.1694,-0.142,-0.24753127485937368,0.9199999999999999,-0.20939999999999998,0.142,-0.26480585,0.41999999999999993
2.85,0.1767333333333333,-0.142,-0.26480585,0.42500000000000004,0.2184,0.142,-0.24937293580912726,0.925,-0.16839999999999997,-0.142,-0.24937293580912726,0.925,-0.21006666666666668,0.142,-0.26480585,0.42500000000000004
2.86,0.17606666666666665,-0.142,-0.26480585,0.42999999999999994,0.21939999999999998,0.142,-0.25115561249348867,0.9299999999999999,-0.1674,-0.142,-0.25115561249348867,0.9299999999999999,-0.21073333333333333,0.142,-0.26480585,0.42999999999999994
2.87,0.17539999999999997,-0.142,-0.26480585,0.43500000000000005,0.2204,0.142,-0.25286831411789873,0.935,-0.16639999999999996,-0.142,-0.25286831411789873,0.935,-0.2114,0.142,-0.26480585,0.43500000000000005
2.88,0.17473333333333332,-0.142,-0.26480585,0.43999999999999995,0.22139999999999999,0.142,-0.25450048130731184,0.94,-0.1654,-0.142,-0.25450048130731184,0.94,-0.21206666666666665,0.142,-0.26480585,0.43999999999999995
2.89,0.17406666666666665,-0.142,-0.26480585,0.44500000000000006,0.22240000000000001,0.142,-0.25604205120825463,0.9450000000000001,-0.16439999999999996,-0.142,-0.25604205120825463,0.9450000000000001,-0.21273333333333333,0.142,-0.26480585,0.44500000000000006
2.9,0.1734,-0.142,-0.26480585,0.44999999999999996,0.2234,0.142,-0.2574835195296637,0.95,-0.1634,-0.142,-0.2574835195296637,0.95,-0.21339999999999998,0.142,-0.26480585,0.44999999999999996
2.91,0.1727333333333333,-0.142,-0.26480585,0.45500000000000007,0.22440000000000002,0.142,-0.2588159991400008,0.9550000000000001,-0.16239999999999996,-0.142,-0.2588159991400008,0.9550000000000001,-0.21406666666666668,0.142,-0.26480585,0.45500000000000007
2.92,0.17206666666666665,-0.142,-0.26480585,0.45999999999999996,0.2254,0.142,-0.26003127485937366,0.96,-0.1614,-0.142,-0.26003127485937366,0.96,-0.21473333333333333,0.142,-0.26480585,0.45999999999999996
2.93,0.17139999999999997,-0.142,-0.26480585,0.4650000000000001,0.22640000000000002,0.142,-0.26112185410885236,0.9650000000000001,-0.16039999999999996,-0.142,-0.26112185410885236,0.9650000000000001,-0.2154,0.142,-0.26480585,0.4650000000000001
2.94,0.17073333333333332,-0.142,-0.26480585,0.47,0.2274,0.142,-0.2620810131047092,0.97,-0.1594,-0.142,-0.2620810131047092,0.97,-0.21606666666666666,0.142,-0.26480585,0.47
2.95,0.17006666666666664,-0.142,-0.26480585,0.4750000000000001,0.22840000000000002,0.142,-0.26290283831278216,0.9750000000000001,-0.15839999999999996,-0.142,-0.26290283831278216,0.9750000000000001,-0.21673333333333333,0.142,-0.26480585,0.4750000000000001
2.96,0.1694,-0.142,-0.26480585,0.48,0.2294,0.142,-0.26358226290737885,0.98,-0.15739999999999998,-0.142,-0.26358226290737885,0.98,-0.21739999999999998,0.142,-0.26480585,0.48
2.97,0.1687333333333333,-0.142,-0.26480585,0.4850000000000001,0.23040000000000002,0.142,-0.26411509800994193,0.9850000000000001,-0.15639999999999996,-0.142,-0.26411509800994193,0.9850000000000001,-0.2180666666666667,0.142,-0.26480585,0.4850000000000001
2.98,0.16806666666666667,-0.142,-0.26480585,0.49,0.2314,0.142,-0.26449805851487845,0.99,-0.15539999999999998,-0.142,-0.26449805851487845,0.99,-0.2187333333333333,0.142,-0.26480585,0.49
2.99,0.16739999999999997,-0.142,-0.26480585,0.4950000000000001,0.23240000000000002,0.142,-0.2647287833433282,0.9950000000000001,-0.15439999999999995,-0.142,-0.2647287833433282,0.9950000000000001,-0.2194,0.142,-0.26480585,0.4950000000000001
3.0,0.16673333333333332,-0.142,-0.26480585,0.5,0.2334,0.142,-0.26480585,0.0,-0.15339999999999998,-0.142,-0.26480585,0.0,-0.22006666666666666,0.142,-0.26480585,0.5
3.0100000000000002,0.16606666666666664,-0.142,-0.26480585,0.5050000000000001,0.23273333333333335,0.142,-0.26480585,0.004999999999999893,-0.15406666666666663,-0.142,-0.26480585,0.004999999999999893,-0.22073333333333334,0.142,-0.26480585,0.5050000000000001
3.02,0.1654,-0.142,-0.26480585,0.51,0.2320666666666667,0.142,-0.26480585,0.009999999999999787,-0.15473333333333328,-0.142,-0.26480585,0.009999999999999787,-0.22139999999999999,0.142,-0.26480585,0.51
3.0300000000000002,0.1647333333333333,-0.142,-0.26480585,0.5150000000000001,0.23139999999999997,0.142,-0.26480585,0.015000000000000124,-0.1554,-0.142,-0.26480585,0.015000000000000124,-0.2220666666666667,0.142,-0.26480585,0.5150000000000001
3.04,0.16406666666666664,-0.142,-0.26480585,0.52,0.23073333333333332,0.142,-0.26480585,0.020000000000000018,-0.15606666666666666,-0.142,-0.26480585,0.020000000000000018,-0.22273333333333334,0.142,-0.26480585,0.52
3.0500000000000003,0.16339999999999996,-0.142,-0.26480585,0.5250000000000001,0.2300666666666666,0.142,-0.26480585,0.025000000000000355,-0.15673333333333336,-0.142,-0.26480585,0.025000000000000355,-0.22340000000000002,0.142,-0.26480585,0.5250000000000001
3.06,0.1627333333333333,-0.142,-0.26480585,0.53,0.22939999999999997,0.142,-0.26480585,0.03000000000000025,-0.1574,-0.142,-0.26480585,0.03000000000000025,-0.22406666666666666,0.142,-0.26480585,0.53
3.0700000000000003,0.16206666666666664,-0.142,-0.26480585,0.5350000000000001,0.2287333333333333,0.142,-0.26480585,0.03500000000000014,-0.1580666666666667,-0.142,-0.26480585,0.03500000000000014,-0.22473333333333334,0.142,-0.26480585,0.5350000000000001
3.08,0.1614,-0.142,-0.26480585,0.54,0.22806666666666664,0.142,-0.26480585,0.040000000000000036,-0.15873333333333334,-0.142,-0.26480585,0.040000000000000036,-0.2254,0.142,-0.26480585,0.54
3.09,0.16073333333333334,-0.142,-0.26480585,0.5449999999999999,0.2274,0.142,-0.26480585,0.04499999999999993,-0.1594,-0.142,-0.26480585,0.04499999999999993,-0.22606666666666664,0.142,-0.26480585,0.5449999999999999
3.1,0.16006666666666663,-0.142,-0.26480585,0.55,0.22673333333333334,0.142,-0.26480585,0.04999999999999982,-0.16006666666666663,-0.142,-0.26480585,0.04999999999999982,-0.22673333333333334,0.142,-0.26480585,0.55
3.11,0.1594,-0.142,-0.26480585,0.5549999999999999,0.2260666666666667,0.142,-0.26480585,0.054999999999999716,-0.16073333333333328,-0.142,-0.26480585,0.054999999999999716,-0.2274,0.142,-0.26480585,0.5549999999999999
3.12,0.1587333333333333,-0.142,-0.26480585,0.56,0.2254,0.142,-0.26480585,0.06000000000000005,-0.1614,-0.142,-0.26480585,0.06000000000000005,-0.22806666666666667,0.142,-0.26480585,0.56
3.13,0.15806666666666666,-0.142,-0.26480585,0.565,0.22473333333333334,0.142,-0.26480585,0.06499999999999995,-0.16206666666666664,-0.142,-0.26480585,0.06499999999999995,-0.22873333333333332,0.142,-0.26480585,0.565
3.14,0.15739999999999998,-0.142,-0.26480585,0.5700000000000001,0.2240666666666666,0.142,-0.26480585,0.07000000000000028,-0.16273333333333337,-0.142,-0.26480585,0.07000000000000028,-0.2294,0.142,-0.26480585,0.5700000000000001
3.15,0.15673333333333334,-0.142,-0.26480585,0.575,0.22339999999999996,0.142,-0.26480585,0.07500000000000018,-0.16340000000000002,-0.142,-0.26480585,0.07500000000000018,-0.23006666666666664,0.142,-0.26480585,0.575
3.16,0.15606666666666663,-0.142,-0.26480585,0.5800000000000001,0.2227333333333333,0.142,-0.26480585,0.08000000000000007,-0.16406666666666667,-0.142,-0.26480585,0.08000000000000007,-0.23073333333333335,0.142,-0.26480585,0.5800000000000001
3.17,0.15539999999999998,-0.142,-0.26480585,0.585,0.22206666666666666,0.142,-0.26480585,0.08499999999999996,-0.16473333333333331,-0.142,-0.26480585,0.08499999999999996,-0.2314,0.142,-0.26480585,0.585
3.18,0.1547333333333333,-0.142,-0.26480585,0.5900000000000001,0.2214,0.142,-0.26480585,0.08999999999999986,-0.16539999999999996,-0.142,-0.26480585,0.08999999999999986,-0.23206666666666667,0.142,-0.26480585,0.5900000000000001
3.19,0.15406666666666666,-0.142,-0.26480585,0.595,0.22073333333333336,0.142,-0.26480585,0.09499999999999975,-0.1660666666666666,-0.142,-0.26480585,0.09499999999999975,-0.23273333333333332,0.142,-0.26480585,0.595
3.2,0.1534,-0.142,-0.26480585,0.6000000000000001,0.22006666666666663,0.142,-0.26480585,0.10000000000000009,-0.16673333333333334,-0.142,-0.26480585,0.10000000000000009,-0.23339999999999997,0.142,-0.26480585,0.6000000000000001
3.21,0.15439999999999998,-0.142,-0.2647287833433282,0.605,0.21939999999999998,0.142,-0.26480585,0.10499999999999998,-0.1674,-0.142,-0.26480585,0.10499999999999998,-0.2324,0.142,-0.2647287833433282,0.605
3.22,0.1554,-0.142,-0.26449805851487845,0.6100000000000001,0.21873333333333328,0.142,-0.26480585,0.11000000000000032,-0.1680666666666667,-0.142,-0.26480585,0.11000000000000032,-0.23139999999999997,0.142,-0.26449805851487845,0.6100000000000001
3.23,0.15639999999999998,-0.142,-0.26411509800994193,0.615,0.21806666666666663,0.142,-0.26480585,0.11500000000000021,-0.16873333333333335,-0.142,-0.26480585,0.11500000000000021,-0.2304,0.142,-0.26411509800994193,0.615
3.24,0.1574,-0.142,-0.26358226290737885,0.6200000000000001,0.21739999999999998,0.142,-0.26480585,0.1200000000000001,-0.1694,-0.142,-0.26480585,0.1200000000000001,-0.22939999999999997,0.142,-0.26358226290737885,0.6200000000000001
3.25,0.15839999999999999,-0.142,-0.26290283831278216,0.625,0.21673333333333333,0.142,-0.26480585,0.125,-0.17006666666666664,-0.142,-0.26480585,0.125,-0.2284,0.142,-0.26290283831278216,0.625
3.2600000000000002,0.15940000000000001,-0.142,-0.26208101310470916,0.6300000000000001,0.21606666666666666,0.142,-0.26480585,0.1299999999999999,-0.17073333333333332,-0.142,-0.26480585,0.1299999999999999,-0.22739999999999996,0.142,-0.26208101310470916,0.6300000000000001
3.27,0.1604,-0.142,-0.2611218541088523,0.635,0.2154,0.142,-0.26480585,0.1349999999999998,-0.17139999999999997,-0.142,-0.26480585,0.1349999999999998,-0.2264,0.142,-0.2611218541088523,0.635
3.2800000000000002,0.16140000000000002,-0.142,-0.26003127485937366,0.6400000000000001,0.2147333333333333,0.142,-0.26480585,0.14000000000000012,-0.17206666666666667,-0.142,-0.26480585,0.14000000000000012,-0.22539999999999996,0.142,-0.26003127485937366,0.6400000000000001
3.29,0.1624,-0.142,-0.25881599914000075,0.645,0.21406666666666666,0.142,-0.26480585,0.14500000000000002,-0.17273333333333332,-0.142,-0.26480585,0.14500000000000002,-0.2244,0.142,-0.25881599914000075,0.645
3.3000000000000003,0.16340000000000002,-0.142,-0.25748351952966364,0.6500000000000001,0.21339999999999995,0.142,-0.26480585,0.15000000000000036,-0.17340000000000003,-0.142,-0.26480585,0.15000000000000036,-0.22339999999999996,0.142,-0.25748351952966364,0.6500000000000001
3.31,0.1644,-0.142,-0.2560420512082546,0.655,0.21273333333333327,0.142,-0.26480585,0.15500000000000025,-0.1740666666666667,-0.142,-0.26480585,0.15500000000000025,-0.2224,0.142,-0.2560420512082546,0.655
3.3200000000000003,0.16540000000000002,-0.142,-0.2545004813073118,0.6600000000000001,0.21206666666666663,0.142,-0.26480585,0.16000000000000014,-0.17473333333333335,-0.142,-0.26480585,0.16000000000000014,-0.22139999999999996,0.142,-0.2545004813073118,0.6600000000000001
3.33,0.1664,-0.142,-0.25286831411789873,0.665,0.21139999999999998,0.142,-0.26480585,0.16500000000000004,-0.1754,-0.142,-0.26480585,0.16500000000000004,-0.22039999999999998,0.142,-0.25286831411789873,0.665
3.34,0.1674,-0.142,-0.2511556124934887,0.6699999999999999,0.21073333333333333,0.142,-0.26480585,0.16999999999999993,-0.17606666666666665,-0.142,-0.26480585,0.16999999999999993,-0.21939999999999998,0.142,-0.2511556124934887,0.6699999999999999
3.35,0.1684,-0.142,-0.24937293580912723,0.675,0.21006666666666668,0.142,-0.26480585,0.17499999999999982,-0.1767333333333333,-0.142,-0.26480585,0.17499999999999982,-0.21839999999999998,0.142,-0.24937293580912723,0.675
3.36,0.1694,-0.142,-0.2475312748593737,0.6799999999999999,0.20940000000000003,0.142,-0.26480585,0.17999999999999972,-0.17739999999999995,-0.142,-0.26480585,0.17999999999999972,-0.21739999999999998,0.142,-0.2475312748593737,0.6799999999999999
3.37,0.1704,-0.142,-0.24564198409639762,0.685,0.20873333333333333,0.142,-0.26480585,0.18500000000000005,-0.17806666666666665,-0.142,-0.26480585,0.18500000000000005,-0.21639999999999998,0.142,-0.24564198409639762,0.685
3.38,0.1714,-0.142,-0.24371671162600578,0.69,0.20806666666666665,0.142,-0.26480585,0.18999999999999995,-0.17873333333333333,-0.142,-0.26480585,0.18999999999999995,-0.21539999999999998,0.142,-0.24371671162600578,0.69
3.39,0.1724,-0.142,-0.2417673273931961,0.6950000000000001,0.20739999999999995,0.142,-0.26480585,0.19500000000000028,-0.17940000000000003,-0.142,-0.26480585,0.19500000000000028,-0.21439999999999998,0.142,-0.2417673273931961,0.6950000000000001
3.4,0.1734,-0.142,-0.23980585000000001,0.7,0.2067333333333333,0.142,-0.26480585,0.20000000000000018,-0.18006666666666668,-0.142,-0.26480585,0.20000000000000018,-0.21339999999999998,0.142,-0.23980585000000001,0.7
3.41,0.1744,-0.142,-0.23784437260680386,0.7050000000000001,0.20606666666666665,0.142,-0.26480585,0.20500000000000007,-0.18073333333333333,-0.142,-0.26480585,0.20500000000000007,-0.21239999999999998,0.142,-0.23784437260680386,0.7050000000000001
3.42,0.1754,-0.142,-0.23589498837399425,0.71,0.2054,0.142,-0.26480585,0.20999999999999996,-0.18139999999999998,-0.142,-0.26480585,0.20999999999999996,-0.21139999999999998,0.142,-0.23589498837399425,0.71
3.43,0.1764,-0.142,-0.23396971590360233,0.7150000000000001,0.20473333333333335,0.142,-0.26480585,0.21499999999999986,-0.18206666666666663,-0.142,-0.26480585,0.21499999999999986,-0.21039999999999998,0.142,-0.23396971590360233,0.7150000000000001
3.44,0.1774,-0.142,-0.23208042514062632,0.72,0.20406666666666667,0.142,-0.26480585,0.21999999999999975,-0.1827333333333333,-0.142,-0.26480585,0.21999999999999975,-0.20939999999999998,0.142,-0.23208042514062632,0.72
3.45,0.1784,-0.142,-0.23023876419087272,0.7250000000000001,0.20339999999999997,0.142,-0.26480585,0.2250000000000001,-0.1834,-0.142,-0.26480585,0.2250000000000001,-0.20839999999999997,0.142,-0.23023876419087272,0.7250000000000001
3.46,0.1794,-0.142,-0.22845608750651134,0.73,0.20273333333333332,0.142,-0.26480585,0.22999999999999998,-0.18406666666666666,-0.142,-0.26480585,0.22999999999999998,-0.20739999999999997,0.142,-0.22845608750651134,0.73
3.47,0.1804,-0.142,-0.22674338588210124,0.7350000000000001,0.20206666666666662,0.142,-0.26480585,0.23500000000000032,-0.18473333333333336,-0.142,-0.26480585,0.23500000000000032,-0.20639999999999997,0.142,-0.22674338588210124,0.7350000000000001
3.48,0.1814,-0.142,-0.2251112186926882,0.74,0.20139999999999997,0.142,-0.26480585,0.2400000000000002,-0.1854,-0.142,-0.26480585,0.2400000000000002,-0.20539999999999997,0.142,-0.2251112186926882,0.74
3.49,0.1824,-0.142,-0.22356964879174537,0.7450000000000001,0.20073333333333332,0.142,-0.26480585,0.2450000000000001,-0.18606666666666666,-0.142,-0.26480585,0.2450000000000001,-0.20439999999999997,0.142,-0.22356964879174537,0.7450000000000001
3.5,0.1834,-0.142,-0.2221281804703363,0.75,0.20006666666666667,0.142,-0.26480585,0.25,-0.1867333333333333,-0.142,-0.26480585,0.25,-0.20339999999999997,0.142,-0.2221281804703363,0.75
3.5100000000000002,0.1844,-0.142,-0.2207957008599992,0.7550000000000001,0.1994,0.142,-0.26480585,0.2549999999999999,-0.18739999999999998,-0.142,-0.26480585,0.2549999999999999,-0.20239999999999997,0.142,-0.2207957008599992,0.7550000000000001
3.52,0.1854,-0.142,-0.2195804251406263,0.76,0.19873333333333335,0.142,-0.26480585,0.2599999999999998,-0.18806666666666663,-0.142,-0.26480585,0.2599999999999998,-0.20139999999999997,0.142,-0.2195804251406263,0.76
3.5300000000000002,0.1864,-0.142,-0.21848984589114767,0.7650000000000001,0.19806666666666664,0.142,-0.26480585,0.2650000000000001,-0.18873333333333334,-0.142,-0.26480585,0.2650000000000001,-0.20039999999999997,0.142,-0.21848984589114767,0.7650000000000001
3.54,0.1874,-0.142,-0.21753068689529081,0.77,0.1974,0.142,-0.26480585,0.27,-0.18939999999999999,-0.142,-0.26480585,0.27,-0.19939999999999997,0.142,-0.21753068689529081,0.77
3.5500000000000003,0.1884,-0.142,-0.2167088616872178,0.7750000000000001,0.19673333333333326,0.142,-0.26480585,0.27500000000000036,-0.19006666666666672,-0.142,-0.26480585,0.27500000000000036,-0.19839999999999997,0.142,-0.2167088616872178,0.7750000000000001
3.56,0.1894,-0.142,-0.21602943709262115,0.78,0.1960666666666666,0.142,-0.26480585,0.28000000000000025,-0.19073333333333337,-0.142,-0.26480585,0.28000000000000025,-0.19739999999999996,0.142,-0.21602943709262115,0.78
3.5700000000000003,0.1904,-0.142,-0.21549660199005807,0.7850000000000001,0.19539999999999996,0.142,-0.26480585,0.28500000000000014,-0.19140000000000001,-0.142,-0.26480585,0.28500000000000014,-0.19639999999999996,0.142,-0.21549660199005807,0.7850000000000001
3.58,0.19140000000000001,-0.142,-0.21511364148512158,0.79,0.1947333333333333,0.142,-0.26480585,0.29000000000000004,-0.19206666666666666,-0.142,-0.26480585,0.29000000000000004,-0.19539999999999996,0.142,-0.21511364148512158,0.79
3.59,0.1924,-0.142,-0.2148829166566718,0.7949999999999999,0.19406666666666667,0.142,-0.26480585,0.29499999999999993,-0.1927333333333333,-0.142,-0.26480585,0.29499999999999993,-0.1944,0.142,-0.2148829166566718,0.7949999999999999
3.6,0.1934,-0.142,-0.21480585000000002,0.8,0.19340000000000002,0.142,-0.26480585,0.2999999999999998,-0.19339999999999996,-0.142,-0.26480585,0.2999999999999998,-0.1934,0.142,-0.21480585000000002,0.8
3.61,0.19439999999999996,-0.142,-0.2148829166566718,0.8049999999999999,0.19273333333333337,0.142,-0.26480585,0.3049999999999997,-0.1940666666666666,-0.142,-0.26480585,0.3049999999999997,-0.19240000000000002,0.142,-0.2148829166566718,0.8049999999999999
3.62,0.1954,-0.142,-0.21511364148512158,0.81,0.19206666666666664,0.142,-0.26480585,0.31000000000000005,-0.19473333333333334,-0.142,-0.26480585,0.31000000000000005,-0.1914,0.142,-0.21511364148512158,0.81
3.63,0.19639999999999996,-0.142,-0.2154966019900581,0.815,0.1914,0.142,-0.26480585,0.31499999999999995,-0.1954,-0.142,-0.26480585,0.31499999999999995,-0.1904,0.142,-0.2154966019900581,0.815
3.64,0.1974,-0.142,-0.21602943709262118,0.8200000000000001,0.19073333333333328,0.142,-0.26480585,0.3200000000000003,-0.1960666666666667,-0.142,-0.26480585,0.3200000000000003,-0.18939999999999999,0.142,-0.21602943709262118,0.8200000000000001
3.65,0.19839999999999997,-0.142,-0.2167088616872178,0.825,0.19006666666666663,0.142,-0.26480585,0.3250000000000002,-0.19673333333333334,-0.142,-0.26480585,0.3250000000000002,-0.1884,0.142,-0.2167088616872178,0.825
3.66,0.1994,-0.142,-0.21753068689529081,0.8300000000000001,0.18939999999999999,0.142,-0.26480585,0.33000000000000007,-0.1974,-0.142,-0.26480585,0.33000000000000007,-0.18739999999999998,0.142,-0.21753068689529081,0.8300000000000001
3.67,0.20039999999999997,-0.142,-0.2184898458911477,0.835,0.1887333333333333,0.142,-0.26480585,0.33499999999999996,-0.19806666666666667,-0.142,-0.26480585,0.33499999999999996,-0.1864,0.142,-0.2184898458911477,0.835
3.68,0.2014,-0.142,-0.21958042514062634,0.8400000000000001,0.18806666666666666,0.142,-0.26480585,0.33999999999999986,-0.19873333333333332,-0.142,-0.26480585,0.33999999999999986,-0.18539999999999998,0.142,-0.21958042514062634,0.8400000000000001
3.69,0.20239999999999997,-0.142,-0.22079570085999922,0.845,0.1874,0.142,-0.26480585,0.34499999999999975,-0.19939999999999997,-0.142,-0.26480585,0.34499999999999975,-0.1844,0.142,-0.22079570085999922,0.845
3.7,0.2034,-0.142,-0.22212818047033633,0.8500000000000001,0.1867333333333333,0.142,-0.26480585,0.3500000000000001,-0.20006666666666667,-0.142,-0.26480585,0.3500000000000001,-0.18339999999999998,0.142,-0.22212818047033633,0.8500000000000001
3.71,0.20439999999999997,-0.142,-0.2235696487917454,0.855,0.18606666666666666,0.142,-0.26480585,0.355,-0.20073333333333332,-0.142,-0.26480585,0.355,-0.1824,0.142,-0.2235696487917454,0.855
3.72,0.2054,-0.142,-0.22511121869268821,0.8600000000000001,0.18539999999999995,0.142,-0.26480585,0.3600000000000003,-0.20140000000000002,-0.142,-0.26480585,0.3600000000000003,-0.18139999999999998,0.142,-0.22511121869268821,0.8600000000000001
3.73,0.20639999999999997,-0.142,-0.22674338588210127,0.865,0.1847333333333333,0.142,-0.26480585,0.3650000000000002,-0.20206666666666667,-0.142,-0.26480585,0.3650000000000002,-0.1804,0.142,-0.22674338588210127,0.865
3.74,0.2074,-0.142,-0.22845608750651136,0.8700000000000001,0.18406666666666663,0.142,-0.26480585,0.3700000000000001,-0.20273333333333335,-0.142,-0.26480585,0.3700000000000001,-0.17939999999999998,0.142,-0.22845608750651136,0.8700000000000001
3.75,0.20839999999999997,-0.142,-0.23023876419087275,0.875,0.18339999999999998,0.142,-0.26480585,0.375,-0.2034,-0.142,-0.26480585,0.375,-0.1784,0.142,-0.23023876419087275,0.875
3.7600000000000002,0.2094,-0.142,-0.23208042514062635,0.8800000000000001,0.18273333333333333,0.142,-0.26480585,0.3799999999999999,-0.20406666666666665,-0.142,-0.26480585,0.3799999999999999,-0.17739999999999997,0.142,-0.23208042514062635,0.8800000000000001
3.77,0.21039999999999998,-0.142,-0.23396971590360238,0.885,0.18206666666666668,0.142,-0.26480585,0.3849999999999998,-0.2047333333333333,-0.142,-0.26480585,0.3849999999999998,-0.1764,0.142,-0.23396971590360238,0.885
3.7800000000000002,0.2114,-0.142,-0.23589498837399428,0.8900000000000001,0.18139999999999998,0.142,-0.26480585,0.3900000000000001,-0.2054,-0.142,-0.26480585,0.3900000000000001,-0.17539999999999997,0.142,-0.23589498837399428,0.8900000000000001
3.79,0.21239999999999998,-0.142,-0.23784437260680388,0.895,0.1807333333333333,0.142,-0.26480585,0.395,-0.20606666666666668,-0.142,-0.26480585,0.395,-0.1744,0.142,-0.23784437260680388,0.895
3.8000000000000003,0.2134,-0.142,-0.23980585000000004,0.9000000000000001,0.1800666666666666,0.142,-0.26480585,0.40000000000000036,-0.20673333333333338,-0.142,-0.26480585,0.40000000000000036,-0.17339999999999997,0.142,-0.23980585000000004,0.9000000000000001
3.81,0.21439999999999998,-0.142,-0.24176732739319615,0.905,0.17939999999999995,0.142,-0.26480585,0.40500000000000025,-0.20740000000000003,-0.142,-0.26480585,0.40500000000000025,-0.1724,0.142,-0.24176732739319615,0.905
3.8200000000000003,0.2154,-0.142,-0.24371671162600583,0.9100000000000001,0.1787333333333333,0.142,-0.26480585,0.41000000000000014,-0.20806666666666668,-0.142,-0.26480585,0.41000000000000014,-0.17139999999999997,0.142,-0.24371671162600583,0.9100000000000001
3.83,0.2164,-0.142,-0.24564198409639765,0.915,0.17806666666666665,0.142,-0.26480585,0.41500000000000004,-0.20873333333333333,-0.142,-0.26480585,0.41500000000000004,-0.17039999999999997,0.142,-0.24564198409639765,0.915
3.84,0.21739999999999998,-0.142,-0.24753127485937368,0.9199999999999999,0.1774,0.142,-0.26480585,0.41999999999999993,-0.20939999999999998,-0.142,-0.26480585,0.41999999999999993,-0.1694,0.142,-0.24753127485937368,0.9199999999999999
3.85,0.2184,-0.142,-0.24937293580912726,0.925,0.17673333333333335,0.142,-0.26480585,0.4249999999999998,-0.21006666666666662,-0.142,-0.26480585,0.4249999999999998,-0.16839999999999997,0.142,-0.24937293580912726,0.925
3.86,0.21939999999999998,-0.142,-0.25115561249348867,0.9299999999999999,0.1760666666666667,0.142,-0.26480585,0.4299999999999997,-0.21073333333333327,-0.142,-0.26480585,0.4299999999999997,-0.1674,0.142,-0.25115561249348867,0.9299999999999999
3.87,0.2204,-0.142,-0.25286831411789873,0.935,0.17539999999999997,0.142,-0.26480585,0.43500000000000005,-0.2114,-0.142,-0.26480585,0.43500000000000005,-0.16639999999999996,0.142,-0.25286831411789873,0.935
3.88,0.22139999999999999,-0.142,-0.25450048130731184,0.94,0.17473333333333332,0.142,-0.26480585,0.43999999999999995,-0.21206666666666665,-0.142,-0.26480585,0.43999999999999995,-0.1654,0.142,-0.25450048130731184,0.94
3.89,0.22240000000000001,-0.142,-0.25604205120825463,0.9450000000000001,0.17406666666666662,0.142,-0.26480585,0.4450000000000003,-0.21273333333333336,-0.142,-0.26480585,0.4450000000000003,-0.16439999999999996,0.142,-0.25604205120825463,0.9450000000000001
3.9,0.2234,-0.142,-0.2574835195296637,0.95,0.17339999999999997,0.142,-0.26480585,0.4500000000000002,-0.2134,-0.142,-0.26480585,0.4500000000000002,-0.1634,0.142,-0.2574835195296637,0.95
3.91,0.22440000000000002,-0.142,-0.2588159991400008,0.9550000000000001,0.1727333333333333,0.142,-0.26480585,0.45500000000000007,-0.21406666666666668,-0.142,-0.26480585,0.45500000000000007,-0.16239999999999996,0.142,-0.2588159991400008,0.9550000000000001
3.92,0.2254,-0.142,-0.26003127485937366,0.96,0.17206666666666665,0.142,-0.26480585,0.45999999999999996,-0.21473333333333333,-0.142,-0.26480585,0.45999999999999996,-0.1614,0.142,-0.26003127485937366,0.96
3.93,0.22640000000000002,-0.142,-0.26112185410885236,0.9650000000000001,0.1714,0.142,-0.26480585,0.46499999999999986,-0.21539999999999998,-0.142,-0.26480585,0.46499999999999986,-0.16039999999999996,0.142,-0.26112185410885236,0.9650000000000001
3.94,0.2274,-0.142,-0.2620810131047092,0.97,0.17073333333333335,0.142,-0.26480585,0.46999999999999975,-0.21606666666666663,-0.142,-0.26480585,0.46999999999999975,-0.1594,0.142,-0.2620810131047092,0.97
3.95,0.22840000000000002,-0.142,-0.26290283831278216,0.9750000000000001,0.17006666666666664,0.142,-0.26480585,0.4750000000000001,-0.21673333333333333,-0.142,-0.26480585,0.4750000000000001,-0.15839999999999996,0.142,-0.26290283831278216,0.9750000000000001
3.96,0.2294,-0.142,-0.26358226290737885,0.98,0.1694,0.142,-0.26480585,0.48,-0.21739999999999998,-0.142,-0.26480585,0.48,-0.15739999999999998,0.142,-0.26358226290737885,0.98
3.97,0.23040000000000002,-0.142,-0.26411509800994193,0.9850000000000001,0.16873333333333326,0.142,-0.26480585,0.4850000000000003,-0.21806666666666671,-0.142,-0.26480585,0.4850000000000003,-0.15639999999999996,0.142,-0.26411509800994193,0.9850000000000001
3.98,0.2314,-0.142,-0.26449805851487845,0.99,0.16806666666666661,0.142,-0.26480585,0.4900000000000002,-0.21873333333333336,-0.142,-0.26480585,0.4900000000000002,-0.15539999999999998,0.142,-0.26449805851487845,0.99
3.99,0.23240000000000002,-0.142,-0.2647287833433282,0.9950000000000001,0.16739999999999997,0.142,-0.26480585,0.4950000000000001,-0.2194,-0.142,-0.26480585,0.4950000000000001,-0.15439999999999995,0.142,-0.2647287833433282,0.9950000000000001
