time,x,y,z
0.000000000000000000e+00,2.008719994715441604e-01,-1.420000000000000151e-01,-3.241950150667076702e-01
4.000000000000000083e-03,2.006053328048774953e-01,-1.420000000000000151e-01,-3.241950150667076702e-01
8.000000000000000167e-03,2.003386661382108302e-01,-1.420000000000000151e-01,-3.241950150667076702e-01
1.200000000000000025e-02,2.000719994715441652e-01,-1.420000000000000151e-01,-3.241950150667076702e-01
1.600000000000000033e-02,1.998053328048775001e-01,-1.420000000000000151e-01,-3.241950150667076702e-01
2.000000000000000042e-02,1.995386661382108351e-01,-1.420000000000000151e-01,-3.241950150667076702e-01
2.400000000000000050e-02,1.992719994715441700e-01,-1.420000000000000151e-01,-3.241950150667076702e-01
2.800000000000000058e-02,1.990053328048775050e-01,-1.420000000000000151e-01,-3.241950150667076702e-01
3.200000000000000067e-02,1.987386661382108399e-01,-1.420000000000000151e-01,-3.241950150667076702e-01
3.600000000000000422e-02,1.984719994715441471e-01,-1.420000000000000151e-01,-3.241950150667076702e-01
4.000000000000000083e-02,1.982053328048774821e-01,-1.420000000000000151e-01,-3.241950150667076702e-01
4.399999999999999745e-02,1.979386661382108170e-01,-1.420000000000000151e-01,-3.241950150667076702e-01
4.800000000000000100e-02,1.976719994715441520e-01,-1.420000000000000151e-01,-3.241950150667076702e-01
5.200000000000000455e-02,1.974053328048774869e-01,-1.420000000000000151e-01,-3.241950150667076702e-01
5.600000000000000117e-02,1.971386661382108219e-01,-1.420000000000000151e-01,-3.241950150667076702e-01
5.999999999999999778e-02,1.968719994715441568e-01,-1.420000000000000151e-01,-3.241950150667076702e-01
6.400000000000000133e-02,1.966053328048774917e-01,-1.420000000000000151e-01,-3.241950150667076702e-01
6.800000000000000488e-02,1.963386661382108267e-01,-1.420000000000000151e-01,-3.241950150667076702e-01
7.200000000000000844e-02,1.960719994715441616e-01,-1.420000000000000151e-01,-3.241950150667076702e-01
7.599999999999999811e-02,1.958053328048774966e-01,-1.420000000000000151e-01,-3.241950150667076702e-01
8.000000000000000167e-02,1.955386661382108315e-01,-1.420000000000000151e-01,-3.241950150667076702e-01
8.400000000000000522e-02,1.952719994715441665e-01,-1.420000000000000151e-01,-3.241950150667076702e-01
8.799999999999999489e-02,1.950053328048775014e-01,-1.420000000000000151e-01,-3.241950150667076702e-01
9.199999999999999845e-02,1.947386661382108364e-01,-1.420000000000000151e-01,-3.241950150667076702e-01
9.600000000000000200e-02,1.944719994715441713e-01,-1.420000000000000151e-01,-3.241950150667076702e-01
1.000000000000000056e-01,1.942053328048774785e-01,-1.420000000000000151e-01,-3.241950150667076702e-01
1.040000000000000091e-01,1.939386661382108135e-01,-1.420000000000000151e-01,-3.241950150667076702e-01
1.079999999999999988e-01,1.936719994715441484e-01,-1.420000000000000151e-01,-3.241950150667076702e-01
1.120000000000000023e-01,1.934053328048774834e-01,-1.420000000000000151e-01,-3.241950150667076702e-01
1.160000000000000059e-01,1.931386661382108183e-01,-1.420000000000000151e-01,-3.241950150667076702e-01
1.199999999999999956e-01,1.928719994715441532e-01,-1.420000000000000151e-01,-3.241950150667076702e-01
1.239999999999999991e-01,1.926053328048774882e-01,-1.420000000000000151e-01,-3.241950150667076702e-01
1.280000000000000027e-01,1.923386661382108231e-01,-1.420000000000000151e-01,-3.241950150667076702e-01
1.320000000000000062e-01,1.920719994715441581e-01,-1.420000000000000151e-01,-3.241950150667076702e-01
1.360000000000000098e-01,1.918053328048774930e-01,-1.420000000000000151e-01,-3.241950150667076702e-01
1.400000000000000133e-01,1.915386661382108280e-01,-1.420000000000000151e-01,-3.241950150667076702e-01
1.440000000000000169e-01,1.912719994715441629e-01,-1.420000000000000151e-01,-3.241950150667076702e-01
1.479999999999999927e-01,1.910053328048774979e-01,-1.420000000000000151e-01,-3.241950150667076702e-01
1.519999999999999962e-01,1.907386661382108328e-01,-1.420000000000000151e-01,-3.241950150667076702e-01
1.559999999999999998e-01,1.904719994715441678e-01,-1.420000000000000151e-01,-3.241950150667076702e-01
1.600000000000000033e-01,1.902053328048775027e-01,-1.420000000000000151e-01,-3.241950150667076702e-01
1.640000000000000069e-01,1.899386661382108099e-01,-1.420000000000000151e-01,-3.241950150667076702e-01
1.680000000000000104e-01,1.896719994715441449e-01,-1.420000000000000151e-01,-3.241950150667076702e-01
1.720000000000000140e-01,1.894053328048774798e-01,-1.420000000000000151e-01,-3.241950150667076702e-01
1.759999999999999898e-01,1.891386661382108147e-01,-1.420000000000000151e-01,-3.241950150667076702e-01
1.799999999999999933e-01,1.888719994715441497e-01,-1.420000000000000151e-01,-3.241950150667076702e-01
1.839999999999999969e-01,1.886053328048774846e-01,-1.420000000000000151e-01,-3.241950150667076702e-01
1.880000000000000004e-01,1.883386661382108196e-01,-1.420000000000000151e-01,-3.241950150667076702e-01
1.920000000000000040e-01,1.880719994715441545e-01,-1.420000000000000151e-01,-3.241950150667076702e-01
1.960000000000000075e-01,1.878053328048774895e-01,-1.420000000000000151e-01,-3.241950150667076702e-01
2.000000000000000111e-01,1.875386661382108244e-01,-1.420000000000000151e-01,-3.241950150667076702e-01
2.040000000000000147e-01,1.872719994715441594e-01,-1.420000000000000151e-01,-3.241950150667076702e-01
2.080000000000000182e-01,1.870053328048774943e-01,-1.420000000000000151e-01,-3.241950150667076702e-01
2.119999999999999940e-01,1.867386661382108293e-01,-1.420000000000000151e-01,-3.241950150667076702e-01
2.159999999999999976e-01,1.864719994715441642e-01,-1.420000000000000151e-01,-3.241950150667076702e-01
2.200000000000000011e-01,1.862053328048774992e-01,-1.420000000000000151e-01,-3.241950150667076702e-01
2.240000000000000047e-01,1.859386661382108341e-01,-1.420000000000000151e-01,-3.241950150667076702e-01
2.280000000000000082e-01,1.856719994715441691e-01,-1.420000000000000151e-01,-3.241950150667076702e-01
2.320000000000000118e-01,1.854053328048774762e-01,-1.420000000000000151e-01,-3.241950150667076702e-01
2.360000000000000153e-01,1.851386661382108112e-01,-1.420000000000000151e-01,-3.241950150667076702e-01
2.399999999999999911e-01,1.848719994715441461e-01,-1.420000000000000151e-01,-3.241950150667076702e-01
2.439999999999999947e-01,1.846053328048774811e-01,-1.420000000000000151e-01,-3.241950150667076702e-01
2.479999999999999982e-01,1.843386661382108160e-01,-1.420000000000000151e-01,-3.241950150667076702e-01
2.520000000000000018e-01,1.840719994715441510e-01,-1.420000000000000151e-01,-3.241950150667076702e-01
2.560000000000000053e-01,1.838053328048774859e-01,-1.420000000000000151e-01,-3.241950150667076702e-01
2.600000000000000089e-01,1.835386661382108209e-01,-1.420000000000000151e-01,-3.241950150667076702e-01
2.640000000000000124e-01,1.832719994715441558e-01,-1.420000000000000151e-01,-3.241950150667076702e-01
2.680000000000000160e-01,1.830053328048774908e-01,-1.420000000000000151e-01,-3.241950150667076702e-01
2.720000000000000195e-01,1.827386661382108257e-01,-1.420000000000000151e-01,-3.241950150667076702e-01
2.760000000000000231e-01,1.824719994715441607e-01,-1.420000000000000151e-01,-3.241950150667076702e-01
2.800000000000000266e-01,1.822053328048774956e-01,-1.420000000000000151e-01,-3.241950150667076702e-01
2.840000000000000302e-01,1.819386661382108306e-01,-1.420000000000000151e-01,-3.241950150667076702e-01
2.880000000000000338e-01,1.816719994715441655e-01,-1.420000000000000151e-01,-3.241950150667076702e-01
2.919999999999999818e-01,1.814053328048775005e-01,-1.420000000000000151e-01,-3.241950150667076702e-01
2.959999999999999853e-01,1.811386661382108354e-01,-1.420000000000000151e-01,-3.241950150667076702e-01
2.999999999999999889e-01,1.808719994715441426e-01,-1.420000000000000151e-01,-3.241950150667076702e-01
3.039999999999999925e-01,1.806053328048774775e-01,-1.420000000000000151e-01,-3.241950150667076702e-01
3.079999999999999960e-01,1.803386661382108125e-01,-1.420000000000000151e-01,-3.241950150667076702e-01
3.119999999999999996e-01,1.800719994715441474e-01,-1.420000000000000151e-01,-3.241950150667076702e-01
3.160000000000000031e-01,1.798053328048774824e-01,-1.420000000000000151e-01,-3.241950150667076702e-01
3.200000000000000067e-01,1.795386661382108173e-01,-1.420000000000000151e-01,-3.241950150667076702e-01
3.240000000000000102e-01,1.792719994715441523e-01,-1.420000000000000151e-01,-3.241950150667076702e-01
3.280000000000000138e-01,1.790053328048774872e-01,-1.420000000000000151e-01,-3.241950150667076702e-01
3.320000000000000173e-01,1.787386661382108222e-01,-1.420000000000000151e-01,-3.241950150667076702e-01
3.360000000000000209e-01,1.784719994715441571e-01,-1.420000000000000151e-01,-3.241950150667076702e-01
3.400000000000000244e-01,1.782053328048774921e-01,-1.420000000000000151e-01,-3.241950150667076702e-01
3.440000000000000280e-01,1.779386661382108270e-01,-1.420000000000000151e-01,-3.241950150667076702e-01
3.480000000000000315e-01,1.776719994715441620e-01,-1.420000000000000151e-01,-3.241950150667076702e-01
3.519999999999999796e-01,1.774053328048774969e-01,-1.420000000000000151e-01,-3.241950150667076702e-01
3.559999999999999831e-01,1.771386661382108318e-01,-1.420000000000000151e-01,-3.241950150667076702e-01
3.599999999999999867e-01,1.768719994715441668e-01,-1.420000000000000151e-01,-3.241950150667076702e-01
3.639999999999999902e-01,1.766053328048775017e-01,-1.420000000000000151e-01,-3.241950150667076702e-01
3.679999999999999938e-01,1.763386661382108089e-01,-1.420000000000000151e-01,-3.241950150667076702e-01
3.719999999999999973e-01,1.760719994715441439e-01,-1.420000000000000151e-01,-3.241950150667076702e-01
3.760000000000000009e-01,1.758053328048774788e-01,-1.420000000000000151e-01,-3.241950150667076702e-01
3.800000000000000044e-01,1.755386661382108138e-01,-1.420000000000000151e-01,-3.241950150667076702e-01
3.840000000000000080e-01,1.752719994715441487e-01,-1.420000000000000151e-01,-3.241950150667076702e-01
3.880000000000000115e-01,1.750053328048774837e-01,-1.420000000000000151e-01,-3.241950150667076702e-01
3.920000000000000151e-01,1.747386661382108186e-01,-1.420000000000000151e-01,-3.241950150667076702e-01
3.960000000000000187e-01,1.744719994715441536e-01,-1.420000000000000151e-01,-3.241950150667076702e-01
4.000000000000000222e-01,1.742053328048774885e-01,-1.420000000000000151e-01,-3.241950150667076702e-01
4.040000000000000258e-01,1.739386661382108235e-01,-1.420000000000000151e-01,-3.241950150667076702e-01
4.080000000000000293e-01,1.736719994715441584e-01,-1.420000000000000151e-01,-3.241950150667076702e-01
4.120000000000000329e-01,1.734053328048774933e-01,-1.420000000000000151e-01,-3.241950150667076702e-01
4.160000000000000364e-01,1.731386661382108283e-01,-1.420000000000000151e-01,-3.241950150667076702e-01
4.199999999999999845e-01,1.728719994715441632e-01,-1.420000000000000151e-01,-3.241950150667076702e-01
4.239999999999999880e-01,1.726053328048774982e-01,-1.420000000000000151e-01,-3.241950150667076702e-01
4.279999999999999916e-01,1.723386661382108054e-01,-1.420000000000000151e-01,-3.241950150667076702e-01
4.319999999999999951e-01,1.720719994715441681e-01,-1.420000000000000151e-01,-3.241950150667076702e-01
4.359999999999999987e-01,1.718053328048774753e-01,-1.420000000000000151e-01,-3.241950150667076702e-01
4.400000000000000022e-01,1.715386661382108102e-01,-1.420000000000000151e-01,-3.241950150667076702e-01
4.440000000000000058e-01,1.712719994715441452e-01,-1.420000000000000151e-01,-3.241950150667076702e-01
4.480000000000000093e-01,1.710053328048774801e-01,-1.420000000000000151e-01,-3.241950150667076702e-01
4.520000000000000129e-01,1.707386661382108151e-01,-1.420000000000000151e-01,-3.241950150667076702e-01
4.560000000000000164e-01,1.704719994715441500e-01,-1.420000000000000151e-01,-3.241950150667076702e-01
4.600000000000000200e-01,1.702053328048774850e-01,-1.420000000000000151e-01,-3.241950150667076702e-01
4.640000000000000235e-01,1.699386661382108199e-01,-1.420000000000000151e-01,-3.241950150667076702e-01
4.680000000000000271e-01,1.696719994715441548e-01,-1.420000000000000151e-01,-3.241950150667076702e-01
4.720000000000000306e-01,1.694053328048774898e-01,-1.420000000000000151e-01,-3.241950150667076702e-01
4.760000000000000342e-01,1.691386661382108247e-01,-1.420000000000000151e-01,-3.241950150667076702e-01
4.799999999999999822e-01,1.688719994715441597e-01,-1.420000000000000151e-01,-3.241950150667076702e-01
4.839999999999999858e-01,1.686053328048774946e-01,-1.420000000000000151e-01,-3.241950150667076702e-01
4.879999999999999893e-01,1.683386661382108296e-01,-1.420000000000000151e-01,-3.241950150667076702e-01
4.919999999999999929e-01,1.680719994715441645e-01,-1.420000000000000151e-01,-3.241950150667076702e-01
4.959999999999999964e-01,1.678053328048774717e-01,-1.420000000000000151e-01,-3.241950150667076702e-01
5.000000000000000000e-01,1.675386661382108344e-01,-1.420000000000000151e-01,-3.241950150667076702e-01
5.040000000000000036e-01,1.672719994715441416e-01,-1.420000000000000151e-01,-3.241950150667076702e-01
5.080000000000000071e-01,1.670053328048774766e-01,-1.420000000000000151e-01,-3.241950150667076702e-01
5.120000000000000107e-01,1.667386661382108115e-01,-1.420000000000000151e-01,-3.241950150667076702e-01
5.160000000000000142e-01,1.664719994715441465e-01,-1.420000000000000151e-01,-3.241950150667076702e-01
5.200000000000000178e-01,1.662053328048774814e-01,-1.420000000000000151e-01,-3.241950150667076702e-01
5.240000000000000213e-01,1.659386661382108163e-01,-1.420000000000000151e-01,-3.241950150667076702e-01
5.280000000000000249e-01,1.656719994715441513e-01,-1.420000000000000151e-01,-3.241950150667076702e-01
5.320000000000000284e-01,1.654053328048774862e-01,-1.420000000000000151e-01,-3.241950150667076702e-01
5.360000000000000320e-01,1.651386661382108212e-01,-1.420000000000000151e-01,-3.241950150667076702e-01
5.400000000000000355e-01,1.648719994715441561e-01,-1.420000000000000151e-01,-3.241950150667076702e-01
5.440000000000000391e-01,1.646053328048774911e-01,-1.420000000000000151e-01,-3.241950150667076702e-01
5.480000000000000426e-01,1.643386661382107983e-01,-1.420000000000000151e-01,-3.241950150667076702e-01
5.520000000000000462e-01,1.640719994715441610e-01,-1.420000000000000151e-01,-3.241950150667076702e-01
5.560000000000000497e-01,1.638053328048774682e-01,-1.420000000000000151e-01,-3.241950150667076702e-01
5.600000000000000533e-01,1.635386661382108309e-01,-1.420000000000000151e-01,-3.241950150667076702e-01
5.640000000000000568e-01,1.632719994715441381e-01,-1.420000000000000151e-01,-3.241950150667076702e-01
5.680000000000000604e-01,1.630053328048774730e-01,-1.420000000000000151e-01,-3.241950150667076702e-01
5.720000000000000639e-01,1.627386661382108080e-01,-1.420000000000000151e-01,-3.241950150667076702e-01
5.760000000000000675e-01,1.624719994715441429e-01,-1.420000000000000151e-01,-3.241950150667076702e-01
5.799999999999999600e-01,1.622053328048774778e-01,-1.420000000000000151e-01,-3.241950150667076702e-01
5.839999999999999636e-01,1.619386661382108128e-01,-1.420000000000000151e-01,-3.241950150667076702e-01
5.879999999999999671e-01,1.616719994715441477e-01,-1.420000000000000151e-01,-3.241950150667076702e-01
5.919999999999999707e-01,1.614053328048774827e-01,-1.420000000000000151e-01,-3.241950150667076702e-01
5.959999999999999742e-01,1.611386661382108176e-01,-1.420000000000000151e-01,-3.241950150667076702e-01
5.999999999999999778e-01,1.608719994715441526e-01,-1.420000000000000151e-01,-3.241950150667076702e-01
6.039999999999999813e-01,1.606053328048774875e-01,-1.420000000000000151e-01,-3.241950150667076702e-01
6.079999999999999849e-01,1.603386661382108225e-01,-1.420000000000000151e-01,-3.241950150667076702e-01
6.119999999999999885e-01,1.600719994715441574e-01,-1.420000000000000151e-01,-3.241950150667076702e-01
6.159999999999999920e-01,1.598053328048774924e-01,-1.420000000000000151e-01,-3.241950150667076702e-01
6.199999999999999956e-01,1.595386661382108273e-01,-1.420000000000000151e-01,-3.241950150667076702e-01
6.239999999999999991e-01,1.592719994715441345e-01,-1.420000000000000151e-01,-3.241950150667076702e-01
6.280000000000000027e-01,1.590053328048774972e-01,-1.420000000000000151e-01,-3.241950150667076702e-01
6.320000000000000062e-01,1.587386661382108044e-01,-1.420000000000000151e-01,-3.241950150667076702e-01
6.360000000000000098e-01,1.584719994715441671e-01,-1.420000000000000151e-01,-3.241950150667076702e-01
6.400000000000000133e-01,1.582053328048774743e-01,-1.420000000000000151e-01,-3.241950150667076702e-01
6.440000000000000169e-01,1.579386661382108092e-01,-1.420000000000000151e-01,-3.241950150667076702e-01
6.480000000000000204e-01,1.576719994715441442e-01,-1.420000000000000151e-01,-3.241950150667076702e-01
6.520000000000000240e-01,1.574053328048774791e-01,-1.420000000000000151e-01,-3.241950150667076702e-01
6.560000000000000275e-01,1.571386661382108141e-01,-1.420000000000000151e-01,-3.241950150667076702e-01
6.600000000000000311e-01,1.568719994715441490e-01,-1.420000000000000151e-01,-3.241950150667076702e-01
6.640000000000000346e-01,1.566053328048774840e-01,-1.420000000000000151e-01,-3.241950150667076702e-01
6.680000000000000382e-01,1.563386661382108189e-01,-1.420000000000000151e-01,-3.241950150667076702e-01
6.720000000000000417e-01,1.560719994715441539e-01,-1.420000000000000151e-01,-3.241950150667076702e-01
6.760000000000000453e-01,1.558053328048774888e-01,-1.420000000000000151e-01,-3.241950150667076702e-01
6.800000000000000488e-01,1.555386661382108238e-01,-1.420000000000000151e-01,-3.241950150667076702e-01
6.840000000000000524e-01,1.552719994715441310e-01,-1.420000000000000151e-01,-3.241950150667076702e-01
6.880000000000000560e-01,1.550053328048774937e-01,-1.420000000000000151e-01,-3.241950150667076702e-01
6.920000000000000595e-01,1.547386661382108008e-01,-1.420000000000000151e-01,-3.241950150667076702e-01
6.960000000000000631e-01,1.544719994715441358e-01,-1.420000000000000151e-01,-3.241950150667076702e-01
7.000000000000000666e-01,1.542053328048774707e-01,-1.420000000000000151e-01,-3.241950150667076702e-01
7.039999999999999591e-01,1.539386661382108334e-01,-1.420000000000000151e-01,-3.241950150667076702e-01
7.079999999999999627e-01,1.536719994715441406e-01,-1.420000000000000151e-01,-3.241950150667076702e-01
7.119999999999999662e-01,1.534053328048774756e-01,-1.420000000000000151e-01,-3.241950150667076702e-01
7.159999999999999698e-01,1.531386661382108105e-01,-1.420000000000000151e-01,-3.241950150667076702e-01
7.199999999999999734e-01,1.528719994715441455e-01,-1.420000000000000151e-01,-3.241950150667076702e-01
7.239999999999999769e-01,1.526053328048774804e-01,-1.420000000000000151e-01,-3.241950150667076702e-01
7.279999999999999805e-01,1.523386661382108154e-01,-1.420000000000000151e-01,-3.241950150667076702e-01
7.319999999999999840e-01,1.520719994715441503e-01,-1.420000000000000151e-01,-3.241950150667076702e-01
7.359999999999999876e-01,1.518053328048774853e-01,-1.420000000000000151e-01,-3.241950150667076702e-01
7.399999999999999911e-01,1.515386661382108202e-01,-1.420000000000000151e-01,-3.241950150667076702e-01
7.439999999999999947e-01,1.512719994715441552e-01,-1.420000000000000151e-01,-3.241950150667076702e-01
7.479999999999999982e-01,1.510053328048774901e-01,-1.420000000000000151e-01,-3.241950150667076702e-01
7.520000000000000018e-01,1.507386661382107973e-01,-1.420000000000000151e-01,-3.241950150667076702e-01
7.560000000000000053e-01,1.504719994715441600e-01,-1.420000000000000151e-01,-3.241950150667076702e-01
7.600000000000000089e-01,1.502053328048774672e-01,-1.420000000000000151e-01,-3.241950150667076702e-01
7.640000000000000124e-01,1.499386661382108299e-01,-1.420000000000000151e-01,-3.241950150667076702e-01
7.680000000000000160e-01,1.496719994715441371e-01,-1.420000000000000151e-01,-3.241950150667076702e-01
7.720000000000000195e-01,1.494053328048774720e-01,-1.420000000000000151e-01,-3.241950150667076702e-01
7.760000000000000231e-01,1.491386661382108070e-01,-1.420000000000000151e-01,-3.241950150667076702e-01
7.800000000000000266e-01,1.488719994715441419e-01,-1.420000000000000151e-01,-3.241950150667076702e-01
7.840000000000000302e-01,1.486053328048774769e-01,-1.420000000000000151e-01,-3.241950150667076702e-01
7.880000000000000338e-01,1.483386661382108118e-01,-1.420000000000000151e-01,-3.241950150667076702e-01
7.920000000000000373e-01,1.480719994715441468e-01,-1.420000000000000151e-01,-3.241950150667076702e-01
7.960000000000000409e-01,1.478053328048774817e-01,-1.420000000000000151e-01,-3.241950150667076702e-01
8.000000000000000444e-01,1.475386661382108167e-01,-1.420000000000000151e-01,-3.241950150667076702e-01
8.040000000000000480e-01,1.472719994715441516e-01,-1.420000000000000151e-01,-3.241950150667076702e-01
8.080000000000000515e-01,1.470053328048774866e-01,-1.420000000000000151e-01,-3.241950150667076702e-01
8.120000000000000551e-01,1.467386661382107937e-01,-1.420000000000000151e-01,-3.241950150667076702e-01
8.160000000000000586e-01,1.464719994715441564e-01,-1.420000000000000151e-01,-3.241950150667076702e-01
8.200000000000000622e-01,1.462053328048774636e-01,-1.420000000000000151e-01,-3.241950150667076702e-01
8.240000000000000657e-01,1.459386661382108263e-01,-1.420000000000000151e-01,-3.241950150667076702e-01
8.280000000000000693e-01,1.456719994715441335e-01,-1.420000000000000151e-01,-3.241950150667076702e-01
8.320000000000000728e-01,1.454053328048774685e-01,-1.420000000000000151e-01,-3.241950150667076702e-01
8.359999999999999654e-01,1.451386661382108034e-01,-1.420000000000000151e-01,-3.241950150667076702e-01
8.399999999999999689e-01,1.448719994715441661e-01,-1.420000000000000151e-01,-3.241950150667076702e-01
8.439999999999999725e-01,1.446053328048774733e-01,-1.420000000000000151e-01,-3.241950150667076702e-01
8.479999999999999760e-01,1.443386661382108083e-01,-1.420000000000000151e-01,-3.241950150667076702e-01
8.519999999999999796e-01,1.440719994715441432e-01,-1.420000000000000151e-01,-3.241950150667076702e-01
8.559999999999999831e-01,1.438053328048774782e-01,-1.420000000000000151e-01,-3.241950150667076702e-01
8.599999999999999867e-01,1.435386661382108131e-01,-1.420000000000000151e-01,-3.241950150667076702e-01
8.639999999999999902e-01,1.432719994715441481e-01,-1.420000000000000151e-01,-3.241950150667076702e-01
8.679999999999999938e-01,1.430053328048774830e-01,-1.420000000000000151e-01,-3.241950150667076702e-01
8.719999999999999973e-01,1.427386661382108179e-01,-1.420000000000000151e-01,-3.241950150667076702e-01
8.760000000000000009e-01,1.424719994715441529e-01,-1.420000000000000151e-01,-3.241950150667076702e-01
8.800000000000000044e-01,1.422053328048774878e-01,-1.420000000000000151e-01,-3.241950150667076702e-01
8.840000000000000080e-01,1.419386661382108228e-01,-1.420000000000000151e-01,-3.241950150667076702e-01
8.880000000000000115e-01,1.416719994715441577e-01,-1.420000000000000151e-01,-3.241950150667076702e-01
8.920000000000000151e-01,1.414053328048774927e-01,-1.420000000000000151e-01,-3.241950150667076702e-01
8.960000000000000187e-01,1.411386661382107999e-01,-1.420000000000000151e-01,-3.241950150667076702e-01
9.000000000000000222e-01,1.408719994715441626e-01,-1.420000000000000151e-01,-3.241950150667076702e-01
9.040000000000000258e-01,1.406053328048774698e-01,-1.420000000000000151e-01,-3.241950150667076702e-01
9.080000000000000293e-01,1.403386661382108047e-01,-1.420000000000000151e-01,-3.241950150667076702e-01
9.120000000000000329e-01,1.400719994715441397e-01,-1.420000000000000151e-01,-3.241950150667076702e-01
9.160000000000000364e-01,1.398053328048774746e-01,-1.420000000000000151e-01,-3.241950150667076702e-01
9.200000000000000400e-01,1.395386661382108096e-01,-1.420000000000000151e-01,-3.241950150667076702e-01
9.240000000000000435e-01,1.392719994715441445e-01,-1.420000000000000151e-01,-3.241950150667076702e-01
9.280000000000000471e-01,1.390053328048774794e-01,-1.420000000000000151e-01,-3.241950150667076702e-01
9.320000000000000506e-01,1.387386661382108144e-01,-1.420000000000000151e-01,-3.241950150667076702e-01
9.360000000000000542e-01,1.384719994715441493e-01,-1.420000000000000151e-01,-3.241950150667076702e-01
9.400000000000000577e-01,1.382053328048774565e-01,-1.420000000000000151e-01,-3.241950150667076702e-01
9.440000000000000613e-01,1.379386661382108192e-01,-1.420000000000000151e-01,-3.241950150667076702e-01
9.480000000000000648e-01,1.376719994715441264e-01,-1.420000000000000151e-01,-3.241950150667076702e-01
9.520000000000000684e-01,1.374053328048774891e-01,-1.420000000000000151e-01,-3.241950150667076702e-01
9.560000000000000719e-01,1.371386661382107963e-01,-1.420000000000000151e-01,-3.241950150667076702e-01
9.599999999999999645e-01,1.368719994715441590e-01,-1.420000000000000151e-01,-3.241950150667076702e-01
9.639999999999999680e-01,1.366053328048774662e-01,-1.420000000000000151e-01,-3.241950150667076702e-01
9.679999999999999716e-01,1.363386661382108289e-01,-1.420000000000000151e-01,-3.241950150667076702e-01
9.719999999999999751e-01,1.360719994715441361e-01,-1.420000000000000151e-01,-3.241950150667076702e-01
9.759999999999999787e-01,1.358053328048774988e-01,-1.420000000000000151e-01,-3.241950150667076702e-01
9.799999999999999822e-01,1.355386661382108060e-01,-1.420000000000000151e-01,-3.241950150667076702e-01
9.839999999999999858e-01,1.352719994715441409e-01,-1.420000000000000151e-01,-3.241950150667076702e-01
9.879999999999999893e-01,1.350053328048774759e-01,-1.420000000000000151e-01,-3.241950150667076702e-01
9.919999999999999929e-01,1.347386661382108108e-01,-1.420000000000000151e-01,-3.241950150667076702e-01
9.959999999999999964e-01,1.344719994715441458e-01,-1.420000000000000151e-01,-3.241950150667076702e-01
1.000000000000000000e+00,1.342053328048774807e-01,-1.420000000000000151e-01,-3.241950150667076702e-01
1.004000000000000004e+00,1.339386661382108157e-01,-1.420000000000000151e-01,-3.241950150667076702e-01
1.008000000000000007e+00,1.336719994715441229e-01,-1.420000000000000151e-01,-3.241950150667076702e-01
1.012000000000000011e+00,1.334053328048774856e-01,-1.420000000000000151e-01,-3.241950150667076702e-01
1.016000000000000014e+00,1.331386661382107928e-01,-1.420000000000000151e-01,-3.241950150667076702e-01
1.020000000000000018e+00,1.328719994715441555e-01,-1.420000000000000151e-01,-3.241950150667076702e-01
1.024000000000000021e+00,1.326053328048774627e-01,-1.420000000000000151e-01,-3.241950150667076702e-01
1.028000000000000025e+00,1.323386661382108254e-01,-1.420000000000000151e-01,-3.241950150667076702e-01
1.032000000000000028e+00,1.320719994715441326e-01,-1.420000000000000151e-01,-3.241950150667076702e-01
1.036000000000000032e+00,1.318053328048774953e-01,-1.420000000000000151e-01,-3.241950150667076702e-01
1.040000000000000036e+00,1.315386661382108024e-01,-1.420000000000000151e-01,-3.241950150667076702e-01
1.044000000000000039e+00,1.312719994715441374e-01,-1.420000000000000151e-01,-3.241950150667076702e-01
1.048000000000000043e+00,1.310053328048774723e-01,-1.420000000000000151e-01,-3.241950150667076702e-01
1.052000000000000046e+00,1.307386661382108073e-01,-1.420000000000000151e-01,-3.241950150667076702e-01
1.056000000000000050e+00,1.304719994715441422e-01,-1.420000000000000151e-01,-3.241950150667076702e-01
1.060000000000000053e+00,1.302053328048774772e-01,-1.420000000000000151e-01,-3.241950150667076702e-01
1.064000000000000057e+00,1.299386661382108121e-01,-1.420000000000000151e-01,-3.241950150667076702e-01
1.068000000000000060e+00,1.296719994715441193e-01,-1.420000000000000151e-01,-3.241950150667076702e-01
1.072000000000000064e+00,1.294053328048774820e-01,-1.420000000000000151e-01,-3.241950150667076702e-01
1.076000000000000068e+00,1.291386661382107892e-01,-1.420000000000000151e-01,-3.241950150667076702e-01
1.080000000000000071e+00,1.288719994715441519e-01,-1.420000000000000151e-01,-3.241950150667076702e-01
1.084000000000000075e+00,1.286053328048774591e-01,-1.420000000000000151e-01,-3.241950150667076702e-01
1.088000000000000078e+00,1.283386661382108218e-01,-1.420000000000000151e-01,-3.241950150667076702e-01
1.092000000000000082e+00,1.280719994715441290e-01,-1.420000000000000151e-01,-3.241950150667076702e-01
1.096000000000000085e+00,1.278053328048774639e-01,-1.420000000000000151e-01,-3.241950150667076702e-01
1.100000000000000089e+00,1.275386661382107989e-01,-1.420000000000000151e-01,-3.241950150667076702e-01
1.104000000000000092e+00,1.272719994715441338e-01,-1.420000000000000151e-01,-3.241950150667076702e-01
1.108000000000000096e+00,1.270053328048774688e-01,-1.420000000000000151e-01,-3.241950150667076702e-01
1.112000000000000099e+00,1.267386661382108037e-01,-1.420000000000000151e-01,-3.241950150667076702e-01
1.116000000000000103e+00,1.264719994715441387e-01,-1.420000000000000151e-01,-3.241950150667076702e-01
1.120000000000000107e+00,1.262053328048774736e-01,-1.420000000000000151e-01,-3.241950150667076702e-01
1.124000000000000110e+00,1.259386661382108086e-01,-1.420000000000000151e-01,-3.241950150667076702e-01
1.128000000000000114e+00,1.256719994715441158e-01,-1.420000000000000151e-01,-3.241950150667076702e-01
1.132000000000000117e+00,1.254053328048774785e-01,-1.420000000000000151e-01,-3.241950150667076702e-01
1.136000000000000121e+00,1.251386661382107857e-01,-1.420000000000000151e-01,-3.241950150667076702e-01
1.140000000000000124e+00,1.248719994715441345e-01,-1.420000000000000151e-01,-3.241950150667076702e-01
1.144000000000000128e+00,1.246053328048774694e-01,-1.420000000000000151e-01,-3.241950150667076702e-01
1.148000000000000131e+00,1.243386661382108044e-01,-1.420000000000000151e-01,-3.241950150667076702e-01
1.152000000000000135e+00,1.240719994715441254e-01,-1.420000000000000151e-01,-3.241950150667076702e-01
1.155999999999999917e+00,1.238053328048774882e-01,-1.420000000000000151e-01,-3.241950150667076702e-01
1.159999999999999920e+00,1.235386661382108092e-01,-1.420000000000000151e-01,-3.241950150667076702e-01
1.163999999999999924e+00,1.232719994715441442e-01,-1.420000000000000151e-01,-3.241950150667076702e-01
1.167999999999999927e+00,1.230053328048774791e-01,-1.420000000000000151e-01,-3.241950150667076702e-01
1.171999999999999931e+00,1.227386661382108141e-01,-1.420000000000000151e-01,-3.241950150667076702e-01
1.175999999999999934e+00,1.224719994715441490e-01,-1.420000000000000151e-01,-3.241950150667076702e-01
1.179999999999999938e+00,1.222053328048774840e-01,-1.420000000000000151e-01,-3.241950150667076702e-01
1.183999999999999941e+00,1.219386661382108050e-01,-1.420000000000000151e-01,-3.241950150667076702e-01
1.187999999999999945e+00,1.216719994715441400e-01,-1.420000000000000151e-01,-3.241950150667076702e-01
1.191999999999999948e+00,1.214053328048774749e-01,-1.420000000000000151e-01,-3.241950150667076702e-01
1.195999999999999952e+00,1.211386661382108099e-01,-1.420000000000000151e-01,-3.241950150667076702e-01
1.199999999999999956e+00,1.208719994715441448e-01,-1.420000000000000151e-01,-3.241950150667076702e-01
1.203999999999999959e+00,1.212719994715441424e-01,-1.420000000000000151e-01,-3.234096492011166446e-01
1.207999999999999963e+00,1.216719994715441400e-01,-1.420000000000000151e-01,-3.226244771128012334e-01
1.211999999999999966e+00,1.220719994715441514e-01,-1.420000000000000151e-01,-3.218396925312255186e-01
1.215999999999999970e+00,1.224719994715441490e-01,-1.420000000000000151e-01,-3.210554890902420078e-01
1.219999999999999973e+00,1.228719994715441466e-01,-1.420000000000000151e-01,-3.202720602803154071e-01
1.223999999999999977e+00,1.232719994715441442e-01,-1.420000000000000151e-01,-3.194895994007819762e-01
1.227999999999999980e+00,1.236719994715441417e-01,-1.420000000000000151e-01,-3.187082995121554019e-01
1.231999999999999984e+00,1.240719994715441532e-01,-1.420000000000000151e-01,-3.179283533884924573e-01
1.235999999999999988e+00,1.244719994715441508e-01,-1.420000000000000151e-01,-3.171499534698285494e-01
1.239999999999999991e+00,1.248719994715441484e-01,-1.420000000000000151e-01,-3.163732918146961448e-01
1.243999999999999995e+00,1.252719994715441598e-01,-1.420000000000000151e-01,-3.155985600527371759e-01
1.247999999999999998e+00,1.256719994715441435e-01,-1.420000000000000151e-01,-3.148259493374214180e-01
1.252000000000000002e+00,1.260719994715441550e-01,-1.420000000000000151e-01,-3.140556502988820498e-01
1.256000000000000005e+00,1.264719994715441387e-01,-1.420000000000000151e-01,-3.132878529968805559e-01
1.260000000000000009e+00,1.268719994715441501e-01,-1.420000000000000151e-01,-3.125227468739124048e-01
1.264000000000000012e+00,1.272719994715441616e-01,-1.420000000000000151e-01,-3.117605207084649388e-01
1.268000000000000016e+00,1.276719994715441453e-01,-1.420000000000000151e-01,-3.110013625684390215e-01
1.272000000000000020e+00,1.280719994715441568e-01,-1.420000000000000151e-01,-3.102454597647462120e-01
1.276000000000000023e+00,1.284719994715441405e-01,-1.420000000000000151e-01,-3.094929988050924563e-01
1.280000000000000027e+00,1.288719994715441519e-01,-1.420000000000000151e-01,-3.087441653479602865e-01
1.284000000000000030e+00,1.292719994715441634e-01,-1.420000000000000151e-01,-3.079991441568001864e-01
1.288000000000000034e+00,1.296719994715441471e-01,-1.420000000000000151e-01,-3.072581190544431129e-01
1.292000000000000037e+00,1.300719994715441585e-01,-1.420000000000000151e-01,-3.065212728777447770e-01
1.296000000000000041e+00,1.304719994715441422e-01,-1.420000000000000151e-01,-3.057887874324737298e-01
1.300000000000000044e+00,1.308719994715441537e-01,-1.420000000000000151e-01,-3.050608434484531895e-01
1.304000000000000048e+00,1.312719994715441652e-01,-1.420000000000000151e-01,-3.043376205349686003e-01
1.308000000000000052e+00,1.316719994715441489e-01,-1.420000000000000151e-01,-3.036192971364521931e-01
1.312000000000000055e+00,1.320719994715441603e-01,-1.420000000000000151e-01,-3.029060504884540372e-01
1.316000000000000059e+00,1.324719994715441440e-01,-1.420000000000000151e-01,-3.021980565739119107e-01
1.320000000000000062e+00,1.328719994715441555e-01,-1.420000000000000151e-01,-3.014954900797303106e-01
1.324000000000000066e+00,1.332719994715441669e-01,-1.420000000000000151e-01,-3.007985243536789866e-01
1.328000000000000069e+00,1.336719994715441506e-01,-1.420000000000000151e-01,-3.001073313616218763e-01
1.332000000000000073e+00,1.340719994715441621e-01,-1.420000000000000151e-01,-2.994220816450872680e-01
1.336000000000000076e+00,1.344719994715441458e-01,-1.420000000000000151e-01,-2.987429442791890710e-01
1.340000000000000080e+00,1.348719994715441572e-01,-1.420000000000000151e-01,-2.980700868309101859e-01
1.344000000000000083e+00,1.352719994715441687e-01,-1.420000000000000151e-01,-2.974036753177577985e-01
1.348000000000000087e+00,1.356719994715441524e-01,-1.420000000000000151e-01,-2.967438741668010360e-01
1.352000000000000091e+00,1.360719994715441639e-01,-1.420000000000000151e-01,-2.960908461741011410e-01
1.356000000000000094e+00,1.364719994715441476e-01,-1.420000000000000151e-01,-2.954447524645437140e-01
1.360000000000000098e+00,1.368719994715441590e-01,-1.420000000000000151e-01,-2.948057524520840134e-01
1.364000000000000101e+00,1.372719994715441705e-01,-1.420000000000000151e-01,-2.941740038004134750e-01
1.368000000000000105e+00,1.376719994715441542e-01,-1.420000000000000151e-01,-2.935496623840588293e-01
1.372000000000000108e+00,1.380719994715441656e-01,-1.420000000000000151e-01,-2.929328822499223661e-01
1.376000000000000112e+00,1.384719994715441493e-01,-1.420000000000000151e-01,-2.923238155792731718e-01
1.380000000000000115e+00,1.388719994715441608e-01,-1.420000000000000151e-01,-2.917226126501984429e-01
1.384000000000000119e+00,1.392719994715441723e-01,-1.420000000000000151e-01,-2.911294218005250345e-01
1.388000000000000123e+00,1.396719994715441560e-01,-1.420000000000000151e-01,-2.905443893912189601e-01
1.392000000000000126e+00,1.400719994715441674e-01,-1.420000000000000151e-01,-2.899676597702732228e-01
1.396000000000000130e+00,1.404719994715441511e-01,-1.420000000000000151e-01,-2.893993752370919159e-01
1.400000000000000133e+00,1.408719994715441626e-01,-1.420000000000000151e-01,-2.888396760073802527e-01
1.404000000000000137e+00,1.412719994715441740e-01,-1.420000000000000151e-01,-2.882887001785481851e-01
1.407999999999999918e+00,1.416719994715441300e-01,-1.420000000000000151e-01,-2.877465836956371037e-01
1.411999999999999922e+00,1.420719994715441414e-01,-1.420000000000000151e-01,-2.872134603177771695e-01
1.415999999999999925e+00,1.424719994715441529e-01,-1.420000000000000151e-01,-2.866894615851847128e-01
1.419999999999999929e+00,1.428719994715441366e-01,-1.420000000000000151e-01,-2.861747167867061403e-01
1.423999999999999932e+00,1.432719994715441481e-01,-1.420000000000000151e-01,-2.856693529279182298e-01
1.427999999999999936e+00,1.436719994715441318e-01,-1.420000000000000151e-01,-2.851734946997911968e-01
1.431999999999999940e+00,1.440719994715441432e-01,-1.420000000000000151e-01,-2.846872644479231385e-01
1.435999999999999943e+00,1.444719994715441547e-01,-1.420000000000000151e-01,-2.842107821423531244e-01
1.439999999999999947e+00,1.448719994715441384e-01,-1.420000000000000151e-01,-2.837441653479603199e-01
1.443999999999999950e+00,1.452719994715441498e-01,-1.420000000000000151e-01,-2.832875291954565222e-01
1.447999999999999954e+00,1.456719994715441613e-01,-1.420000000000000151e-01,-2.828409863529796064e-01
1.451999999999999957e+00,1.460719994715441450e-01,-1.420000000000000151e-01,-2.824046469982941510e-01
1.455999999999999961e+00,1.464719994715441564e-01,-1.420000000000000151e-01,-2.819786187916069053e-01
1.459999999999999964e+00,1.468719994715441401e-01,-1.420000000000000151e-01,-2.815630068490030391e-01
1.463999999999999968e+00,1.472719994715441516e-01,-1.420000000000000151e-01,-2.811579137165104991e-01
1.467999999999999972e+00,1.476719994715441631e-01,-1.420000000000000151e-01,-2.807634393447980825e-01
1.471999999999999975e+00,1.480719994715441468e-01,-1.420000000000000151e-01,-2.803796810645144966e-01
1.475999999999999979e+00,1.484719994715441582e-01,-1.420000000000000151e-01,-2.800067335622730136e-01
1.479999999999999982e+00,1.488719994715441419e-01,-1.420000000000000151e-01,-2.796446888572892697e-01
1.483999999999999986e+00,1.492719994715441534e-01,-1.420000000000000151e-01,-2.792936362786768711e-01
1.487999999999999989e+00,1.496719994715441648e-01,-1.420000000000000151e-01,-2.789536624434066914e-01
1.491999999999999993e+00,1.500719994715441485e-01,-1.420000000000000151e-01,-2.786248512349354112e-01
1.495999999999999996e+00,1.504719994715441600e-01,-1.420000000000000151e-01,-2.783072837825086299e-01
1.500000000000000000e+00,1.508719994715441437e-01,-1.420000000000000151e-01,-2.780010384411433222e-01
1.504000000000000004e+00,1.512719994715441552e-01,-1.420000000000000151e-01,-2.777061907722950806e-01
1.508000000000000007e+00,1.516719994715441666e-01,-1.420000000000000151e-01,-2.774228135252143068e-01
1.512000000000000011e+00,1.520719994715441503e-01,-1.420000000000000151e-01,-2.771509766189964030e-01
1.516000000000000014e+00,1.524719994715441618e-01,-1.420000000000000151e-01,-2.768907471253304053e-01
1.520000000000000018e+00,1.528719994715441732e-01,-1.420000000000000151e-01,-2.766421892519499992e-01
1.524000000000000021e+00,1.532719994715441569e-01,-1.420000000000000151e-01,-2.764053643267911364e-01
1.528000000000000025e+00,1.536719994715441684e-01,-1.420000000000000151e-01,-2.761803307828605281e-01
1.532000000000000028e+00,1.540719994715441521e-01,-1.420000000000000151e-01,-2.759671441438177331e-01
1.536000000000000032e+00,1.544719994715441636e-01,-1.420000000000000151e-01,-2.757658570102761164e-01
1.540000000000000036e+00,1.548719994715441750e-01,-1.420000000000000151e-01,-2.755765190468238424e-01
1.544000000000000039e+00,1.552719994715441587e-01,-1.420000000000000151e-01,-2.753991769697702874e-01
1.548000000000000043e+00,1.556719994715441702e-01,-1.420000000000000151e-01,-2.752338745356193717e-01
1.552000000000000046e+00,1.560719994715441539e-01,-1.420000000000000151e-01,-2.750806525302732508e-01
1.556000000000000050e+00,1.564719994715441653e-01,-1.420000000000000151e-01,-2.749395487589689768e-01
1.560000000000000053e+00,1.568719994715441768e-01,-1.420000000000000151e-01,-2.748105980369507928e-01
1.564000000000000057e+00,1.572719994715441605e-01,-1.420000000000000151e-01,-2.746938321808797823e-01
1.568000000000000060e+00,1.576719994715441719e-01,-1.420000000000000151e-01,-2.745892800009837598e-01
1.572000000000000064e+00,1.580719994715441556e-01,-1.420000000000000151e-01,-2.744969672939486793e-01
1.576000000000000068e+00,1.584719994715441671e-01,-1.420000000000000151e-01,-2.744169168365536704e-01
1.580000000000000071e+00,1.588719994715441786e-01,-1.420000000000000151e-01,-2.743491483800512554e-01
1.584000000000000075e+00,1.592719994715441623e-01,-1.420000000000000151e-01,-2.742936786452940812e-01
1.588000000000000078e+00,1.596719994715441737e-01,-1.420000000000000151e-01,-2.742505213186091639e-01
1.592000000000000082e+00,1.600719994715441574e-01,-1.420000000000000151e-01,-2.742196870484210902e-01
1.596000000000000085e+00,1.604719994715441689e-01,-1.420000000000000151e-01,-2.742011834426246186e-01
1.600000000000000089e+00,1.608719994715441526e-01,-1.420000000000000151e-01,-2.741950150667076813e-01
1.604000000000000092e+00,1.612719994715441640e-01,-1.420000000000000151e-01,-2.742011834426246186e-01
1.608000000000000096e+00,1.616719994715441477e-01,-1.420000000000000151e-01,-2.742196870484210902e-01
1.612000000000000099e+00,1.620719994715441592e-01,-1.420000000000000151e-01,-2.742505213186091639e-01
1.616000000000000103e+00,1.624719994715441707e-01,-1.420000000000000151e-01,-2.742936786452940812e-01
1.620000000000000107e+00,1.628719994715441544e-01,-1.420000000000000151e-01,-2.743491483800512554e-01
1.624000000000000110e+00,1.632719994715441658e-01,-1.420000000000000151e-01,-2.744169168365536704e-01
1.628000000000000114e+00,1.636719994715441495e-01,-1.420000000000000151e-01,-2.744969672939486793e-01
1.632000000000000117e+00,1.640719994715441610e-01,-1.420000000000000151e-01,-2.745892800009837598e-01
1.636000000000000121e+00,1.644719994715441724e-01,-1.420000000000000151e-01,-2.746938321808797823e-01
1.640000000000000124e+00,1.648719994715441561e-01,-1.420000000000000151e-01,-2.748105980369507928e-01
1.644000000000000128e+00,1.652719994715441676e-01,-1.420000000000000151e-01,-2.749395487589689768e-01
1.648000000000000131e+00,1.656719994715441513e-01,-1.420000000000000151e-01,-2.750806525302732508e-01
1.652000000000000135e+00,1.660719994715441628e-01,-1.420000000000000151e-01,-2.752338745356193717e-01
1.656000000000000139e+00,1.664719994715441742e-01,-1.420000000000000151e-01,-2.753991769697702874e-01
1.660000000000000142e+00,1.668719994715441579e-01,-1.420000000000000151e-01,-2.755765190468238424e-01
1.664000000000000146e+00,1.672719994715441694e-01,-1.420000000000000151e-01,-2.757658570102761164e-01
1.667999999999999927e+00,1.676719994715441531e-01,-1.420000000000000151e-01,-2.759671441438177331e-01
1.671999999999999931e+00,1.680719994715441645e-01,-1.420000000000000151e-01,-2.761803307828605281e-01
1.675999999999999934e+00,1.684719994715441482e-01,-1.420000000000000151e-01,-2.764053643267911364e-01
1.679999999999999938e+00,1.688719994715441597e-01,-1.420000000000000151e-01,-2.766421892519499992e-01
1.683999999999999941e+00,1.692719994715441434e-01,-1.420000000000000151e-01,-2.768907471253304053e-01
1.687999999999999945e+00,1.696719994715441548e-01,-1.420000000000000151e-01,-2.771509766189964030e-01
1.691999999999999948e+00,1.700719994715441663e-01,-1.420000000000000151e-01,-2.774228135252143068e-01
1.695999999999999952e+00,1.704719994715441500e-01,-1.420000000000000151e-01,-2.777061907722950806e-01
1.699999999999999956e+00,1.708719994715441615e-01,-1.420000000000000151e-01,-2.780010384411433222e-01
1.703999999999999959e+00,1.712719994715441452e-01,-1.420000000000000151e-01,-2.783072837825085744e-01
1.707999999999999963e+00,1.716719994715441566e-01,-1.420000000000000151e-01,-2.786248512349354112e-01
1.711999999999999966e+00,1.720719994715441681e-01,-1.420000000000000151e-01,-2.789536624434066914e-01
1.715999999999999970e+00,1.724719994715441518e-01,-1.420000000000000151e-01,-2.792936362786768711e-01
1.719999999999999973e+00,1.728719994715441632e-01,-1.420000000000000151e-01,-2.796446888572892697e-01
1.723999999999999977e+00,1.732719994715441469e-01,-1.420000000000000151e-01,-2.800067335622730136e-01
1.727999999999999980e+00,1.736719994715441584e-01,-1.420000000000000151e-01,-2.803796810645144966e-01
1.731999999999999984e+00,1.740719994715441699e-01,-1.420000000000000151e-01,-2.807634393447980825e-01
1.735999999999999988e+00,1.744719994715441536e-01,-1.420000000000000151e-01,-2.811579137165104991e-01
1.739999999999999991e+00,1.748719994715441650e-01,-1.420000000000000151e-01,-2.815630068490030391e-01
1.743999999999999995e+00,1.752719994715441487e-01,-1.420000000000000151e-01,-2.819786187916069053e-01
1.747999999999999998e+00,1.756719994715441602e-01,-1.420000000000000151e-01,-2.824046469982941510e-01
1.752000000000000002e+00,1.760719994715441716e-01,-1.420000000000000151e-01,-2.828409863529796064e-01
1.756000000000000005e+00,1.764719994715441553e-01,-1.420000000000000151e-01,-2.832875291954565222e-01
1.760000000000000009e+00,1.768719994715441668e-01,-1.420000000000000151e-01,-2.837441653479603199e-01
1.764000000000000012e+00,1.772719994715441505e-01,-1.420000000000000151e-01,-2.842107821423531799e-01
1.768000000000000016e+00,1.776719994715441620e-01,-1.420000000000000151e-01,-2.846872644479231385e-01
1.772000000000000020e+00,1.780719994715441734e-01,-1.420000000000000151e-01,-2.851734946997911968e-01
1.776000000000000023e+00,1.784719994715441571e-01,-1.420000000000000151e-01,-2.856693529279181742e-01
1.780000000000000027e+00,1.788719994715441686e-01,-1.420000000000000151e-01,-2.861747167867061403e-01
1.784000000000000030e+00,1.792719994715441523e-01,-1.420000000000000151e-01,-2.866894615851847128e-01
1.788000000000000034e+00,1.796719994715441637e-01,-1.420000000000000151e-01,-2.872134603177771695e-01
1.792000000000000037e+00,1.800719994715441752e-01,-1.420000000000000151e-01,-2.877465836956371037e-01
1.796000000000000041e+00,1.804719994715441589e-01,-1.420000000000000151e-01,-2.882887001785482406e-01
1.800000000000000044e+00,1.808719994715441703e-01,-1.420000000000000151e-01,-2.888396760073803082e-01
1.804000000000000048e+00,1.812719994715441540e-01,-1.420000000000000151e-01,-2.893993752370919714e-01
1.808000000000000052e+00,1.816719994715441655e-01,-1.420000000000000151e-01,-2.899676597702732228e-01
1.812000000000000055e+00,1.820719994715441770e-01,-1.420000000000000151e-01,-2.905443893912190156e-01
1.816000000000000059e+00,1.824719994715441607e-01,-1.420000000000000151e-01,-2.911294218005250900e-01
1.820000000000000062e+00,1.828719994715441721e-01,-1.420000000000000151e-01,-2.917226126501984984e-01
1.824000000000000066e+00,1.832719994715441558e-01,-1.420000000000000151e-01,-2.923238155792731718e-01
1.828000000000000069e+00,1.836719994715441673e-01,-1.420000000000000151e-01,-2.929328822499224216e-01
1.832000000000000073e+00,1.840719994715441787e-01,-1.420000000000000151e-01,-2.935496623840588848e-01
1.836000000000000076e+00,1.844719994715441624e-01,-1.420000000000000151e-01,-2.941740038004134750e-01
1.840000000000000080e+00,1.848719994715441739e-01,-1.420000000000000151e-01,-2.948057524520840134e-01
1.844000000000000083e+00,1.852719994715441576e-01,-1.420000000000000151e-01,-2.954447524645437695e-01
1.848000000000000087e+00,1.856719994715441691e-01,-1.420000000000000151e-01,-2.960908461741011410e-01
1.852000000000000091e+00,1.860719994715441805e-01,-1.420000000000000151e-01,-2.967438741668010915e-01
1.856000000000000094e+00,1.864719994715441920e-01,-1.420000000000000151e-01,-2.974036753177578540e-01
1.860000000000000098e+00,1.868719994715441757e-01,-1.420000000000000151e-01,-2.980700868309102414e-01
1.864000000000000101e+00,1.872719994715441594e-01,-1.420000000000000151e-01,-2.987429442791891265e-01
1.868000000000000105e+00,1.876719994715441708e-01,-1.420000000000000151e-01,-2.994220816450873235e-01
1.872000000000000108e+00,1.880719994715441823e-01,-1.420000000000000151e-01,-3.001073313616219318e-01
1.876000000000000112e+00,1.884719994715441937e-01,-1.420000000000000151e-01,-3.007985243536790421e-01
1.880000000000000115e+00,1.888719994715441775e-01,-1.420000000000000151e-01,-3.014954900797303661e-01
1.884000000000000119e+00,1.892719994715441612e-01,-1.420000000000000151e-01,-3.021980565739119662e-01
1.888000000000000123e+00,1.896719994715441726e-01,-1.420000000000000151e-01,-3.029060504884540928e-01
1.892000000000000126e+00,1.900719994715441841e-01,-1.420000000000000151e-01,-3.036192971364522486e-01
1.896000000000000130e+00,1.904719994715441955e-01,-1.420000000000000151e-01,-3.043376205349686558e-01
1.900000000000000133e+00,1.908719994715441792e-01,-1.420000000000000151e-01,-3.050608434484531895e-01
1.904000000000000137e+00,1.912719994715441629e-01,-1.420000000000000151e-01,-3.057887874324737854e-01
1.908000000000000140e+00,1.916719994715441744e-01,-1.420000000000000151e-01,-3.065212728777448326e-01
1.912000000000000144e+00,1.920719994715441858e-01,-1.420000000000000151e-01,-3.072581190544431129e-01
1.916000000000000147e+00,1.924719994715441973e-01,-1.420000000000000151e-01,-3.079991441568002419e-01
1.919999999999999929e+00,1.928719994715441532e-01,-1.420000000000000151e-01,-3.087441653479602865e-01
1.923999999999999932e+00,1.932719994715441647e-01,-1.420000000000000151e-01,-3.094929988050924563e-01
1.927999999999999936e+00,1.936719994715441484e-01,-1.420000000000000151e-01,-3.102454597647462120e-01
1.931999999999999940e+00,1.940719994715441599e-01,-1.420000000000000151e-01,-3.110013625684390215e-01
1.935999999999999943e+00,1.944719994715441436e-01,-1.420000000000000151e-01,-3.117605207084648833e-01
1.939999999999999947e+00,1.948719994715441550e-01,-1.420000000000000151e-01,-3.125227468739124048e-01
1.943999999999999950e+00,1.952719994715441665e-01,-1.420000000000000151e-01,-3.132878529968805559e-01
1.947999999999999954e+00,1.956719994715441502e-01,-1.420000000000000151e-01,-3.140556502988820498e-01
1.951999999999999957e+00,1.960719994715441616e-01,-1.420000000000000151e-01,-3.148259493374214180e-01
1.955999999999999961e+00,1.964719994715441453e-01,-1.420000000000000151e-01,-3.155985600527371759e-01
1.959999999999999964e+00,1.968719994715441568e-01,-1.420000000000000151e-01,-3.163732918146961448e-01
1.963999999999999968e+00,1.972719994715441683e-01,-1.420000000000000151e-01,-3.171499534698285494e-01
1.967999999999999972e+00,1.976719994715441520e-01,-1.420000000000000151e-01,-3.179283533884924573e-01
1.971999999999999975e+00,1.980719994715441634e-01,-1.420000000000000151e-01,-3.187082995121554019e-01
1.975999999999999979e+00,1.984719994715441471e-01,-1.420000000000000151e-01,-3.194895994007819762e-01
1.979999999999999982e+00,1.988719994715441586e-01,-1.420000000000000151e-01,-3.202720602803154071e-01
1.983999999999999986e+00,1.992719994715441700e-01,-1.420000000000000151e-01,-3.210554890902420078e-01
1.987999999999999989e+00,1.996719994715441537e-01,-1.420000000000000151e-01,-3.218396925312255186e-01
1.991999999999999993e+00,2.000719994715441652e-01,-1.420000000000000151e-01,-3.226244771128012334e-01
1.995999999999999996e+00,2.004719994715441489e-01,-1.420000000000000151e-01,-3.234096492011166446e-01
